name,age,street,city,state,zip,lng,lat
Tracy Burns,67,754 James Track Suite 112,Tranville,Oregon,45189,13.780140,10.6978025
Carmen Davis,43,8065 Patrick Views Suite 778,Ricardofurt,Florida,28865,-104.670576,-2.2940295
Christian Hayes,75,2497 Chambers Stream,Danielville,Montana,84808,-157.730864,26.3406135
Lauren Nichols,26,592 Shannon Terrace,South Carolynhaven,Nevada,37727,-30.518357,10.3004845
Daniel Cherry,48,10857 Garcia Road,West Brandifort,Illinois,37792,-32.791754,-30.3033215
Christina Douglas,68,0557 Aguirre Flat Suite 421,South Trevorberg,New Mexico,11527,-150.297163,84.628442
Leslie Mcknight,29,04215 Huerta Place Apt. 323,Brandonside,Arkansas,90391,139.279871,39.4658225
David Garcia MD,71,184 Zavala Overpass,East Richard,Wyoming,64796,120.377669,-47.886677
Karina Bartlett,51,7572 Mary Walks Suite 129,Stephanieton,Montana,05593,16.577651,85.849252
Kevin Hernandez,50,1189 Michael Highway,Lake Dana,South Dakota,66104,152.338749,-65.726083
Elizabeth Fisher,45,517 Burke Centers Suite 940,Maldonadohaven,New Hampshire,22831,15.846570,-5.753891
Mark Simpson,39,41768 Mccoy Mission,Boydton,South Carolina,18026,-54.909518,-48.296101
Andrew Salas,22,1168 Morales Port Suite 946,Port Chris,Arizona,84053,20.980753,6.451952
Cody Wu,77,85588 Lance Canyon,Carpentertown,Kentucky,01275,-15.119535,-23.5915355
Latoya Robles,24,76128 Goodwin Keys,East Emilyside,Iowa,20166,-46.594273,75.4851375
Kathryn Thompson,72,9256 Brandon Bridge Suite 277,Ambershire,New York,30527,-99.056875,-38.034635
Donna Johnson,54,80234 Penny Fords,Lake Thomasview,Delaware,52971,27.376507,-51.168222
Mark Cantrell,67,616 Hall Union Apt. 095,West Jonathan,Idaho,22107,-68.069260,-66.294474
Heather Brown,23,43225 Mullins Creek Apt. 631,Kayleeborough,Mississippi,35142,27.558595,-31.660514
Todd Taylor,52,5111 Larry Unions,Stevensonmouth,Maryland,19187,-173.340304,-58.6291435
Angela Strickland,43,164 Lisa Mission,Ralphfort,Tennessee,74679,-50.785394,-87.756155
Emily Cox,19,8061 Shea Crest,South Brenda,Alaska,24214,-119.341984,15.868858
Christopher Ray,44,072 Sutton Mountains,West Kennethfurt,Kentucky,37839,-0.141438,15.3535295
Lisa Randolph,70,58695 Larry Groves Apt. 407,New Michaelhaven,Connecticut,87304,-93.820587,-41.1171915
Thomas Mason,65,923 Mcguire Hollow Apt. 382,New Jeremyburgh,Colorado,34392,-100.127567,48.6815895
Michael Nielsen,29,7558 Moore Manors,Pamelaport,Oregon,89548,95.640674,-10.6917265
Frank Jacobs,23,0023 Marie Rue Apt. 201,North Julie,Rhode Island,64779,161.906630,59.455212
Jennifer Morgan,25,16207 Collins Street Apt. 613,Aaronbury,North Dakota,66747,67.623611,45.1834835
Kenneth Acosta,53,3183 Hunt Ramp,Mccoyland,Virginia,14819,151.117633,-88.522760
Carmen Patrick,36,04928 Mark Forks,Barnesland,Florida,87793,32.597442,-52.8126555
Jennifer Bray,27,27020 Tracy Row Apt. 392,Bryanshire,New York,77732,127.499555,2.316396
Daniel Davis,75,8892 Ronald Lakes,Pennyburgh,Minnesota,07235,11.907369,-2.106321
Joshua Kim,24,048 Graham Trace,Phillipsstad,Idaho,75975,-62.690996,72.5433715
Eric Wolfe,69,063 Daniel Trafficway Apt. 980,North Michael,Colorado,38248,6.663627,43.147580
Jennifer Williams,57,872 Johnston Walks Suite 453,North Johnville,New Hampshire,82603,140.899740,46.148118
Christopher Ramos,24,40502 Steven Run Suite 554,Port Sarahaven,Oregon,40882,37.312678,62.577544
Johnny Foster,18,0572 James Wells Apt. 223,North Jessica,Mississippi,76520,-37.860197,89.894958
Christopher Guerrero,46,020 Beck Mission Suite 957,East Kristinaland,North Dakota,46336,109.825631,-76.615103
Kimberly Owens,52,3560 Andre Motorway Apt. 679,Allenmouth,Idaho,25320,97.105458,-72.3030555
Linda White,33,673 Jackson Drive,Zacharychester,North Dakota,84179,93.323177,-18.7737645
Natasha Dominguez,70,7962 Lewis Plain Suite 556,Darrellland,South Dakota,52133,161.237229,-3.1481735
Cynthia Taylor,29,086 Miller Cliff,South Gregory,Vermont,73574,-97.689898,-82.0241145
Bernard Lee,57,608 Mark Trail Suite 006,Coltonmouth,Maine,53459,136.916661,88.407333
Chelsea Lewis,22,3307 Vega Bridge,Amandamouth,Arizona,49469,63.356179,-34.7283095
Allison Morales,27,013 Andrew Knoll,North Tammyside,Oklahoma,54441,46.260749,18.923765
Zachary Mcdonald,44,422 Lopez Street Apt. 187,Karenhaven,Massachusetts,87811,80.951581,57.2359095
Victoria Stanton,19,588 George Loaf Suite 463,Christopherview,Texas,93726,29.744669,-23.3860865
Jessica Gray,57,307 David Station Suite 141,Teresaton,Montana,97837,-51.892105,-68.830710
Michael Wilson,71,06219 Mccall Points,Webbside,Nevada,90498,-64.676201,-29.167502
Trevor Macias,28,3963 Smith Stravenue,Port Brianfort,New York,48960,173.591364,-34.6288205
Terri Powers,56,308 Kristine Courts Suite 581,East Tylerchester,Wyoming,62843,29.278614,-11.552539
Adam Collier,80,3920 Heidi Mountains Suite 554,Antonioside,Missouri,63829,-159.332059,89.723254
Jason Rodriguez,68,064 Rivera Garden Apt. 948,Johnsonfort,New York,17217,-124.936893,-7.994982
William Burns,37,55027 Kelly Cove Apt. 485,North Davidville,North Carolina,00889,-83.857328,-87.025559
Briana Mitchell,72,221 Elliott Pine,New Emmamouth,Oklahoma,44977,-163.020184,-19.456048
Jennifer Hodges,51,074 Hogan Crossing Suite 655,Kristinton,New Jersey,58102,115.856370,-87.0515265
Jennifer Lopez,49,23395 Watson Mountains Apt. 357,North Nicolechester,Massachusetts,30974,141.052101,-35.714467
Anna Welch,29,27113 Johnson Springs Suite 980,Katrinamouth,Idaho,27614,36.676806,-0.239400
Christian Barnes,28,087 Barrera Hill,Ryanberg,Florida,88091,74.690335,-81.265751
Cory Solis,30,25024 Reynolds Street,New Brett,Alaska,23416,-14.800759,57.7398745
Lynn Duncan,22,2445 Mitchell Trace,Port Angela,Massachusetts,06076,27.662373,-19.513804
Christian Gomez,25,6403 Michelle Inlet,Pricemouth,Pennsylvania,12924,128.918247,40.387531
Frank Miller,30,09290 Destiny Walks Apt. 415,Wintersmouth,Texas,26211,97.210245,36.440827
Dr. Kevin Edwards MD,38,3229 Johnson Circles Suite 548,Angelville,North Dakota,87366,87.869716,-35.1395085
Daniel Blevins,72,299 Janice Groves,Matthewborough,Georgia,79586,13.556221,81.8642745
Brian Reyes,18,1038 King Drive,New Angelaland,Delaware,22982,-169.736805,-52.760798
Christopher Castro,21,80241 Taylor Roads Apt. 175,Brittanyberg,Rhode Island,04296,109.147943,-60.5343645
April Hamilton,42,1845 Christensen Viaduct,Walkermouth,Utah,17272,45.664115,25.145325
William Rodriguez,46,665 Ramirez Alley Apt. 548,South Tammy,Virginia,73135,-67.990380,-81.247136
Christian Simmons,26,1729 Knox Highway Apt. 841,Veronicahaven,South Dakota,39215,-29.486545,-62.4500525
Alexander Booker,80,172 Monica Alley Suite 934,East Lindsaychester,Kansas,45099,159.241129,83.972695
Robert Ray,59,95158 Austin Locks Suite 411,Lake Tiffany,Texas,46712,-57.702353,-69.375896
Jennifer Bennett,31,4557 Kyle Hills,New Geoffreyview,Missouri,04483,39.770421,20.8168635
John Schmidt,42,2509 Amber Corner Suite 979,South Maryberg,Tennessee,44497,127.861724,72.410690
Cameron Lane,31,5086 Carmen Common Apt. 644,Lake Julieview,Mississippi,07930,-44.711326,74.858917
Jillian Allen,58,0140 Buchanan Mount Suite 621,Lake Sabrinachester,Arizona,79820,-37.029778,-37.1212425
Jacob Neal,70,25025 Santos Walk Suite 198,North Michael,Colorado,37909,158.947921,-38.369879
Tanya Lee,70,754 Ramirez Row,Merrittton,Missouri,62327,113.526704,-23.637551
Olivia Pena,28,612 Simmons Lane Suite 474,Martinezburgh,Nebraska,08143,94.019879,61.8040045
William Clark,36,6025 Catherine Creek,Michellefort,Wyoming,61835,74.439894,-28.826295
Vanessa Lee,46,8349 James Views Apt. 967,Lake Isabellastad,Wisconsin,54266,146.055802,-65.0380985
Michelle Webster,40,34378 Ross Corner Apt. 935,Port Jasmineport,Connecticut,71471,-124.248935,-9.746847
Courtney Frost,65,756 Miller Forks,Scottville,North Dakota,26546,-163.516514,-55.7928185
Chad Thomas,72,997 Jesse Lodge,Brownside,West Virginia,03611,-111.921762,29.9326625
Cassandra Martinez,38,036 Allen Lock Suite 037,Paigeside,Virginia,00811,-130.696927,59.9058485
David Campbell,23,14382 Bray Walk Suite 936,East Jeffreyland,Kentucky,68911,-116.274522,-70.3245335
Ashley Stone,29,06921 Brenda River Apt. 330,Brandonside,Florida,84336,-64.336609,10.988428
Stacy Ortega,54,853 Williams Common Suite 694,Hollowayport,Nebraska,64217,1.190005,49.762338
Philip Webb,61,850 Amanda Hollow,Morrishaven,Rhode Island,50973,-151.453849,69.6146125
Stephanie Strickland,76,0592 Chavez Row Suite 555,South Kellychester,Alaska,99666,-150.454189,71.1919065
Wanda Francis,44,90534 Reynolds Rapids,East Janiceport,Hawaii,95877,169.301862,64.3009025
Dennis Johnson,21,596 Kane Rest,Larsenton,Georgia,14169,17.870738,-18.8953825
Keith Rodriguez,79,9036 Garcia Union Apt. 565,Jorgechester,Montana,49517,2.459657,-66.019018
Jessica Smith,52,16104 Rick Plains Suite 098,Lake Isabellabury,Washington,16331,-174.303876,13.995160
Daniel Shaw,70,82960 Jerry Expressway Suite 579,Wrightstad,Florida,45286,-83.220701,67.3659765
Heather Berry,76,89752 Cheryl Mountain,West Kevin,Alaska,91833,34.487723,-26.787381
Sarah Brady,40,11937 Angela Ferry,Jonathanview,Oklahoma,87974,-49.357297,17.1787165
James Cruz,61,47720 Davis Union Apt. 914,Jacquelineland,California,42682,172.529370,49.1650825
Adrian Price,22,14054 Christopher Oval Suite 576,North Chelseahaven,Wyoming,71535,36.464428,-62.531634
Luis Gillespie DVM,28,336 Lang Alley,Mikaylafurt,Georgia,73206,-1.369690,5.9192775
Adrienne Ryan,33,2253 Rocha Underpass,South Andrew,Alabama,86672,-98.085728,54.6240745
Derrick Green,78,491 Smith Parkways,Annetteland,North Dakota,18029,164.909910,69.3698815
Rachel Barrera,58,99748 Anthony Glen,Beckerside,Delaware,76928,159.191047,-48.9814965
Raymond Mcbride,70,8466 Mooney Path Suite 302,South Stevenmouth,West Virginia,83290,143.175948,-2.249957
Robin Lane,32,077 Lori Drive Apt. 474,Jefferyside,Idaho,55459,-85.513156,25.068669
Christian Dennis,43,92034 Hughes Summit Suite 879,East Timothystad,Kansas,96097,-6.215292,-68.3491905
Daniel Arroyo,51,3611 Rodriguez Ridges,Grossmouth,Maryland,69710,15.377634,37.0327515
Maria Obrien,63,174 Jonathan Roads,Natalieburgh,Iowa,64557,-150.828911,-64.247533
Scott Thomas,23,4732 Mathis Expressway,New Scott,Pennsylvania,92382,72.738232,63.259313
Kristina Swanson,70,122 Watkins Burgs Suite 129,Deckerville,Maine,92511,-43.423054,-43.205106
Kimberly Koch,73,44873 Walter Forges Apt. 103,Lake Mark,Massachusetts,74154,-0.453139,-27.3167835
Jeffrey Robinson,49,726 William Trail,Kristinaside,Hawaii,84404,120.902834,-86.9142085
Jennifer Armstrong,78,938 Michelle Shoal,Brownton,Vermont,51025,57.983074,-33.115709
Jasmine Miller,47,13970 Johnson Parkways,Campbellbury,Oregon,64027,103.923838,-59.8126645
Mallory Morgan,24,67439 Atkinson Square Apt. 308,North Amanda,Wisconsin,62170,-54.726384,-86.370594
Cody Franklin,49,587 Martinez Station Apt. 935,South Sarah,Wyoming,06057,106.840932,-61.367860
Lauren Beard,46,86498 Klein Hollow,Maryshire,New Hampshire,84123,7.381532,-52.4072135
John Kelly,45,718 Justin Tunnel Apt. 057,North Shelby,Connecticut,74366,14.575536,85.2513975
Maria Ross,55,760 Darrell Course,West Sarah,Delaware,67969,36.219807,-44.2098005
Kelly Miles,32,8436 Jasmine Forges Suite 323,Laneburgh,Indiana,38543,149.907150,-40.452409
Raymond Bailey,25,94865 Hernandez Causeway Apt. 528,Munozstad,Vermont,14551,-156.146331,-84.4731685
Jordan King,23,68615 Beck Glens Apt. 471,New Hollychester,Wisconsin,02720,-11.302580,20.1445555
Michael Humphrey,32,79602 Molina Bypass,Lake Kathleenberg,West Virginia,08911,55.764360,-15.946558
Margaret Duffy,32,554 Gregory Track Apt. 570,Martinezborough,North Dakota,85463,-23.230948,57.065663
Jean Nguyen,33,78155 Richard Bypass,Knappmouth,Alaska,64643,-62.673797,-89.1455325
Kathleen Dean,43,1557 Lauren Lane Suite 333,East Heather,North Carolina,53750,-27.571569,81.8756455
Charles Miller,73,33351 Rita Prairie,Tracymouth,Michigan,56056,72.015257,-2.546367
John Townsend,51,683 Carter Ramp Apt. 423,West Ryantown,Kansas,06160,-140.393092,23.3723185
Timothy Fields,54,7660 Munoz Coves Suite 245,Beltranberg,Kentucky,40109,-82.604104,-41.890478
Kathryn Bond,59,732 Watson Greens,South Lisa,Michigan,98739,153.164284,-55.2183375
Sierra Bond,54,003 Theresa Spurs,Robertsonville,Virginia,70852,107.986558,20.3223335
Cameron Perez,49,577 Anthony Trace Apt. 042,Copelandbury,Alabama,10602,-46.941512,84.2125475
Stephen Robinson,59,644 Long Rapid Apt. 610,Gonzalezmouth,California,09872,136.421450,54.4697795
Timothy Stout,48,5437 Karen Passage,Reyesville,Alaska,22603,-46.003060,69.979939
Jared Pollard,71,203 Townsend Drive Apt. 783,Amystad,Maine,82528,-100.988607,89.592271
Monica Fisher,66,2998 Madison Lakes Suite 526,Duffyview,Nebraska,42847,53.003714,15.0452625
Brandi Wolfe,41,90366 Theresa Viaduct,Sotoville,Oregon,85692,-128.715069,54.127813
Kristina Fleming,23,4858 Good Fort,Tonychester,Alabama,47999,54.338858,48.1471245
Catherine Brown,69,063 Garza Island Apt. 225,New Phyllistown,New York,30902,-15.167200,-31.443630
Steven Bentley,63,3158 Ashley Brook Suite 177,Allenmouth,Hawaii,79191,135.358247,43.425593
Michelle Ewing,64,95120 Michael Mountains,Johnborough,South Carolina,55716,-154.755834,-85.599454
Andrew Owen,33,2737 Turner Shoals Suite 533,Michaelland,Wyoming,20571,-47.161670,-31.104534
Brenda Collins,25,242 Young Row Apt. 299,Meganbury,Nevada,90388,-125.529016,-42.7891455
Michael Parks,65,32303 Travis Tunnel Apt. 729,Port Samuelfurt,Arkansas,89253,-66.421339,-32.632229
David Walker,57,75594 Craig Lights,Lake William,Arkansas,50907,156.174321,53.860427
Ashley Owens,72,4201 Larson Estates,Farmermouth,North Dakota,81671,174.744171,-40.2868985
Andrea Brewer,22,8128 Chan Springs,Fernandotown,New Jersey,45453,118.817464,49.139308
Rachel Collins,26,6125 Ross Fords Apt. 721,Rosariotown,Colorado,67864,-74.920108,-39.090085
Jenna Williams,29,316 Kathy Gateway Suite 386,New Ritaview,Michigan,99070,-80.979737,62.134762
Jennifer Henderson,49,389 Hall Fords Suite 207,South Crystal,Massachusetts,26993,-16.060650,6.733294
Tammy Walls,25,5818 Michael Cape,Port Carrie,Washington,55307,50.023046,-15.722751
Jessica Sanders,22,442 Brian Point,Martinborough,New York,31086,-16.058207,-60.747178
Mrs. Amber Combs,38,76466 Pratt Isle Suite 783,South Christopher,Maryland,30637,-87.513122,69.268528
Andrea Clements,65,0282 Brittany Cape Apt. 037,North Wayneville,Tennessee,81055,-125.358754,28.6025745
Jeremy Brown,31,5557 James Road,Murillomouth,Georgia,22244,179.095693,89.9396045
Kathryn Ford,79,23958 Smith Hills,Deborahfurt,California,24743,50.426367,4.7945125
William Brady,22,46821 Diaz Way Apt. 575,Blankenshipport,Utah,76057,-102.530704,58.9023315
Scott Henson,57,66097 Lee Village Apt. 176,Lake Nicole,New York,66164,173.982901,40.9885065
Ralph Harris,19,53983 Perez Road,Lake Gina,Washington,97070,96.763158,-60.313233
Sheila Castillo,66,33599 Wayne Forge,Gibsonville,Alaska,96417,-141.663477,-41.8895905
Andrew Ramsey,22,5645 Alvarado Branch,West Kristen,Missouri,78280,-33.458348,-84.091485
Andre Pham,35,8649 Kennedy Ramp,West Nichole,Oregon,01354,120.793523,60.0809175
Albert Price,30,956 Matthew Spur,Huntborough,Minnesota,89787,-29.394772,61.435442
Kathleen Jensen,26,66014 Smith Crossing Apt. 905,North Katherine,Missouri,90508,116.447688,-62.327055
Hannah Snyder,47,0889 Mackenzie Skyway Suite 493,New Davidchester,North Dakota,15959,-9.294863,30.286052
Jennifer Holloway,39,099 Flores Extensions,Travisburgh,Florida,19661,-96.002380,27.058367
Madison Hurley,58,0562 Allen Avenue,East Ryan,Massachusetts,95831,-44.192544,61.099201
Ms. Theresa Henderson,38,2394 Anderson Course Suite 076,Port Stephanie,Mississippi,05831,-37.275671,-4.753400
Kristy Freeman,40,878 Hayley Orchard,Maryfort,Washington,59748,-79.068279,37.265434
Patricia Wilson,25,50371 Thomas Motorway Apt. 023,North Jessicachester,Kentucky,37835,-140.966421,32.957961
Allison Hernandez,33,3370 Amy Throughway Apt. 199,North Thomaschester,Wyoming,24342,50.563107,34.321028
Carmen Cox,80,870 Bradley Crossing Suite 298,Harveyborough,Wisconsin,40043,177.011210,52.3694365
Jason Williams,43,433 Evans Rapid,Lake Jasonville,Mississippi,01935,-98.248893,25.205478
April Lyons,59,590 Duke Loop,North Gregory,Ohio,69854,122.659694,76.7781085
Sean Morris,36,611 Gibson Mountain,Melissahaven,Wisconsin,65523,172.590762,-32.7710265
Monique Wells,74,8577 Thomas Way Suite 618,New Alexander,Texas,45093,-127.855101,-11.914137
Melissa Howard,20,88970 Smith Stream Apt. 884,Lake Christopher,Utah,44108,176.255271,-49.255094
Mr. John Lewis,72,442 Hunter Bridge Apt. 454,Lake Aprilfort,Missouri,41488,-173.985542,-77.9293265
Taylor Jackson,18,02325 Kim Inlet,Shannonstad,South Carolina,40670,20.673300,76.8737275
Karen Little,55,17445 Morales Way,Gregoryville,Idaho,63946,-125.486032,14.8057375
Suzanne Jenkins,43,7498 Sergio Islands Apt. 343,Stephaniestad,California,55908,-178.601412,84.9844665
Matthew Howard,24,31770 Gloria Gardens,Port Jamestown,Iowa,62231,-38.601168,-33.8143965
Philip Brown,58,1121 Jones Islands Apt. 352,North Kathy,Georgia,23349,-42.001748,-76.1974305
Jennifer Sandoval,31,371 Hebert Field Suite 196,Patrickview,Alabama,13768,146.609418,-46.281347
Christine Jarvis,50,253 Ronnie Falls,North Lindaview,Wyoming,74331,158.043524,-34.8808495
Lauren Ochoa,37,515 Gray Cliffs,West Levi,Nebraska,51196,-10.084499,-83.789663
Kenneth Abbott,18,50467 Collins Stravenue,Port Seth,Illinois,74308,-36.355286,-17.712850
Michael Campbell,46,6029 Elizabeth Mission,Amymouth,Connecticut,52093,-93.971394,83.107238
Lori Reed,18,347 Murray Route Apt. 204,Thomasland,Virginia,69278,73.113613,84.5032245
Jonathan Anderson,27,38283 Isaac Tunnel Suite 057,Mariachester,Massachusetts,42216,135.388026,-68.3058635
Daniel Nelson,27,6162 Scott View,Bruceshire,Minnesota,69686,172.913412,-23.124036
Manuel Watts,40,37062 Sullivan Springs,North Brandonbury,Missouri,21632,-66.137917,-11.9469315
Nicholas White,20,4057 Griffin Mill,Matthewberg,Pennsylvania,95259,5.331954,89.3254365
Victoria Santiago,62,2348 Robbins Fork,Joechester,South Dakota,52633,-166.862976,-55.8493625
Tanya Murphy,38,46095 Stacy Burgs Suite 632,Johnsonstad,North Carolina,72274,-61.315703,-55.408058
Scott Jackson,24,72302 Hawkins Summit Suite 914,Paulside,Mississippi,80570,-0.971100,-14.5311035
John Greene,37,03285 Hayden Ridge Suite 763,Jayland,Hawaii,65439,14.228591,-73.535601
Brandon Quinn,19,113 Cole Hills Suite 741,Michaelborough,Maine,88477,-89.962950,74.1283735
John Lopez,26,8926 Patel Valleys Suite 932,East Amanda,Indiana,29769,-175.591217,-10.7177935
Vicki Aguirre,71,9816 Jacob Spurs Suite 367,Melvinfurt,New Hampshire,69922,-73.257578,22.977800
Douglas Pitts,27,3404 Moreno Junctions,Solistown,Wyoming,15133,109.975089,3.7211825
Amanda Lawson,57,8139 Christopher Pike Suite 830,Port Brittanyville,Nebraska,49455,68.679249,-1.6930125
Julia Good,75,06998 Collins Plaza Suite 238,Port Carltown,Illinois,37219,89.421526,-47.2073715
Tammy Harmon,78,4031 Lee Unions Apt. 393,Lake Mindy,Colorado,87612,-76.792105,36.9457305
Timothy Lopez,52,422 Padilla Island Suite 091,Abbottborough,Colorado,89363,-179.782345,-50.365911
Jennifer Weaver,29,4677 Vanessa Plain,Skinnerton,Texas,83629,74.319550,14.3117015
Cynthia Cruz,18,9565 Suzanne Mission,Kellybury,Utah,17891,129.081415,-5.873426
Richard Stewart,59,3881 Gonzalez Islands,Thomasland,Minnesota,42223,-156.732534,-87.3874335
Krystal Lopez,76,73638 Bates Drive,North Deborahfort,Kansas,26427,-118.344108,-29.3638095
Savannah Thomas,42,62532 Jill Spur Apt. 984,Rhodeschester,New Mexico,24880,-134.727906,72.452134
Ryan Farmer,62,5256 Ashley Stravenue,Heatherville,Washington,92111,104.971249,-89.1936545
Joseph Jefferson,37,3544 James Throughway,Stephenmouth,Delaware,27461,-154.265473,4.046104
Jennifer Meyer,45,231 Robert Burgs Apt. 980,East Timothyburgh,Oregon,04721,24.295917,-62.9266145
Joanne Hutchinson,33,549 Ian Greens,Frankview,New York,65347,-65.182433,-33.653590
Alexis Hopkins,75,70315 Kevin Points Apt. 071,East Bradleybury,Kansas,58151,-123.692018,17.292609
Harry King,72,67212 Lynn Drive Suite 004,Port Timothyshire,Nebraska,65965,98.577264,87.213217
Paul Griffith,54,0458 Linda Mission Suite 803,Adamfurt,Georgia,94524,91.246210,15.2896545
Wayne Henry,37,86583 Michael Crossing,Lake Danielle,Nebraska,33273,-27.498010,0.2850275
Regina Martin,39,793 Castro Brook Apt. 674,Marcusbury,Indiana,07954,104.690137,-29.273621
Michael Byrd,46,160 Colin Plaza Apt. 234,Harveyville,Montana,98523,-21.936612,41.3959155
Patricia Patterson,65,33291 Blake Brook Suite 303,Tiffanyland,Kentucky,27027,-106.275910,39.526600
James Gonzales,74,4849 Melissa Court,North Ashley,Indiana,52769,-108.798055,-26.416593
Roger Mcdonald,32,02439 Natasha Trail,New Patrick,Wyoming,67992,-93.709656,49.801676
Tiffany Anderson,54,9380 Glenn Tunnel,Connerbury,North Carolina,15719,100.302017,33.0848115
Kelli Edwards,64,60542 Weiss Locks Apt. 027,Marchaven,Rhode Island,51942,-154.123904,43.6507075
Shannon Thomas,75,50158 Colon Brook Apt. 304,Benjaminfort,New Mexico,92487,-50.238098,-73.747549
Scott Gonzalez,30,27936 Jackson Fords Suite 805,South Cynthiachester,Georgia,09810,54.957982,-5.9832115
William Wright,59,14723 Bean Cape,South Danny,Wisconsin,06331,-98.453926,-22.266127
Jason Turner,18,011 April Freeway Suite 139,New Scottborough,Nevada,57250,-145.508307,-56.131375
Jeffrey Clark,74,93926 Kennedy Loaf Apt. 608,North Jessicafurt,Illinois,25328,-12.664246,27.4370475
Elizabeth Owens,57,47920 Patton Trace,Curtistown,Michigan,78794,-56.627431,35.2629895
Stacy Crawford,51,2953 Julie Neck,Port Sabrinahaven,Washington,28982,-82.626265,-2.530141
Sean Johnson,34,314 Kristen Village,East Christian,Virginia,51995,131.000066,52.216729
Alexandra Snyder,47,8782 Ferguson Cape Suite 985,East Jessicamouth,North Carolina,71672,-126.763207,-21.225789
Andrea Williams,28,82604 Seth Islands,Robinfurt,Maryland,41912,-46.869339,40.627273
Kristen Anthony,59,795 Cruz Landing Suite 698,North Veronica,Missouri,67191,24.904150,10.9863065
Aaron Morrison,65,0110 Wagner Squares,Taylorberg,North Dakota,09823,-115.231173,-21.558563
Walter Manning,29,94363 Hunter Trail Apt. 314,North Nicole,Nebraska,95777,120.693345,61.284770
Jamie Guerra,41,39356 Christopher Mission,Carterburgh,Georgia,76401,-179.275702,-88.785341
Amber Fuller,26,747 Cody Point,Adamland,Texas,53908,-177.740821,3.160504
Eric Snyder,63,28400 Joshua Pines,Port Frederickview,Louisiana,21684,-41.587181,79.090506
Jack Kennedy,34,7850 Williams Springs,South Karen,Maine,35961,-22.718937,-42.393188
James Hill,76,03567 Deborah Tunnel,North Ericfurt,Massachusetts,74500,-109.741894,83.711294
Henry Davis,39,30762 Bauer Shoal,New Colleenborough,Maryland,75093,-148.013852,18.3607035
Carolyn Adkins,21,248 Nathaniel Walks,Khanport,Oregon,18257,97.281026,-55.933090
Ashley Sanchez,76,6499 Melton Run,Atkinsonland,Texas,26093,19.202055,27.196854
Peggy Morris,60,77381 White Bypass Apt. 057,Rosarioville,Massachusetts,39681,3.499624,29.3697135
Adriana Stevens,46,99078 Christopher Trafficway,Gordonview,Virginia,18981,20.947674,-15.127953
Angela Daniels,46,1891 Amanda Shoals Suite 788,New Bryanfort,Utah,34651,76.783154,89.9228195
Christopher Strong,33,71902 Patrick Parks Suite 592,Annastad,Arizona,78907,98.540425,-29.708745
Desiree Hardy,46,89283 Gary Point,Michaeltown,Illinois,56380,-40.054247,-68.706807
Debra Gay,29,3942 Steven Centers,South Eduardo,California,40556,64.515136,85.7327685
John Decker,55,5015 Christopher Haven,West Brandon,Connecticut,54153,161.835569,-32.8220455
Amanda Pierce,48,2504 Holland Isle,East Todd,Connecticut,66587,-166.869441,18.773462
Tracy Roth,72,9261 Nicholas Hollow Apt. 533,Samuelmouth,Georgia,52434,129.532691,-38.4299615
Michelle Carlson,46,280 Donald Rapids,West Theresa,New Hampshire,97011,-61.066030,-31.502903
Michelle Jones,78,79509 Gary Ridge,South Emilyland,Minnesota,36362,29.499954,76.4438055
Natalie Miller,64,969 Erickson Drives,Alexhaven,Georgia,21392,46.092010,27.3806785
Roberta Flynn,57,69372 Hunter Vista,South Daniel,Indiana,29132,129.632861,57.898771
Sean Carlson,21,4587 Scott Squares Apt. 089,New Jeffrey,West Virginia,70509,-156.640675,-57.622766
Janet Adkins,29,71541 Rodriguez Pine,Riverafurt,Oklahoma,24362,-69.422974,-38.9976805
Teresa Griffin,50,7002 Dylan Crossing,Murphyshire,Alaska,66431,129.910676,38.3856005
Linda Thomas,34,116 Kyle Ways Apt. 321,Lake Amanda,South Carolina,40329,2.946823,72.250596
Jerry Richardson,58,445 Charles Harbor,Danielmouth,California,50859,52.200710,61.134678
Linda Benson,49,9646 Carpenter Brooks,West Baileyview,New Mexico,20916,33.303323,39.2341645
Daniel Ramirez,58,999 Davis Junction Apt. 571,Reginamouth,Montana,02385,21.809123,79.576881
Christopher Dickerson,58,5225 Dominguez River Apt. 325,New Bonnie,Oregon,74155,-114.471934,8.2560195
Barbara Whitehead,52,7628 Turner Trail,Port Ashley,New Hampshire,98644,-48.662040,-87.1690685
Gina Robinson,41,019 Cooper Turnpike Suite 208,Webstertown,Pennsylvania,52947,-59.050188,55.662028
Charles Miller,67,891 Anthony Trafficway,Robertsstad,Texas,73773,88.845628,83.7344405
Cynthia Miller,25,3890 Amanda Mall,Bethville,North Carolina,77519,90.387214,36.6982955
Kimberly Waters,27,7537 Monica Plaza,New Derekfort,West Virginia,92976,-71.369606,-50.440911
Brenda Gonzalez,33,09364 Gonzalez Land Suite 530,South Paulview,Iowa,99784,-17.807324,79.805811
Jason Martinez,42,0066 Brenda Haven Apt. 947,Wadechester,Wisconsin,53331,122.200279,-80.5626065
John Thompson,58,370 Gay Parkways Apt. 404,Rachelmouth,Wisconsin,17547,-76.532149,86.529333
Kenneth Bryant,18,513 Powers Point,West Aprilview,Mississippi,20650,-7.953241,-35.2294175
Tiffany Lucas,52,9467 Tucker Mills Apt. 177,East Margaret,Georgia,49900,-28.796146,36.431260
Teresa Young,27,20498 Monique Path Apt. 339,Jesusfort,Vermont,12985,-150.200602,56.9467505
Brian Smith,54,2558 Clark Plaza,Penningtonborough,Virginia,76677,150.938234,-68.1769175
Megan White,26,9402 Burns Mission Apt. 170,Jasonborough,Mississippi,90324,-178.872516,-80.618509
Robert Jones,54,943 Chapman Walks,East Lisashire,Oregon,74385,44.425461,68.5582895
Mary Powers,43,1919 Fox Garden Suite 846,Joyceside,Delaware,31124,38.409441,58.490952
Natasha Peterson,35,30683 Stephens Springs,Hernandeztown,Wyoming,65392,106.342127,66.8931705
Joseph Howard,63,2372 Jefferson Walk Suite 262,Lake Linda,West Virginia,41386,-149.624870,35.351686
Beth Harding,73,31685 Gregory Port,Jasontown,New Mexico,63792,152.210026,75.056234
Jennifer Watson,35,10055 Snow Haven Suite 734,North Katherineport,Pennsylvania,13278,-122.307918,11.916878
Michael Wilson,63,76687 Scott Forge,Port Christopher,Texas,88711,134.597681,41.690730
Stephanie Miller,77,012 Christian Meadow,West Thomasburgh,Kansas,61456,113.656587,-88.658878
Amber Stewart,79,129 Howard Village,Port Jeffrey,New York,63833,153.463590,79.3102645
Deborah Russell,78,5639 Natasha Spring,Eduardofurt,Maryland,75162,-138.860724,-34.923910
Rhonda White,71,67094 Arias Views Suite 123,Smithfurt,Virginia,10436,-11.984113,-34.3220185
Derek Mcguire,33,439 Martinez Terrace Apt. 273,Wallaceburgh,North Dakota,84001,-54.845254,-84.1522695
Donna Richardson,39,5780 Myers Road,Allenview,Oklahoma,46130,80.674114,-35.029936
Christopher Miller,43,9473 Molina Freeway,Jamesbury,West Virginia,05747,-55.545458,29.1254595
Brett Gonzalez,50,66609 Melvin Lodge,Lake Jason,Texas,10272,-7.448584,15.8722585
Jordan Salinas,50,1818 Gregory Plains Suite 011,Jessehaven,Maine,93725,148.145824,-79.354658
Lauren Barnes,69,3372 Joseph Parkways Apt. 152,Harrishaven,Ohio,72559,167.606217,49.1607075
Rachel Reilly,80,48850 Martin Estates,West Jessicaland,Indiana,85059,149.901587,85.6624615
Melissa Evans,57,04135 Leslie Gateway Apt. 591,Samanthaside,Nevada,60540,61.061552,49.3886365
Rodney Johnson,65,85771 Shelby Ville Apt. 815,Kaylahaven,Nevada,48209,-86.287769,-60.846387
Laura Cox,24,24711 Jimmy Plaza,Spencermouth,Pennsylvania,30587,73.523656,68.898156
Kayla Rodriguez,42,498 Johnson Dale Suite 004,Baileymouth,Pennsylvania,19080,15.112507,54.2099675
Craig Callahan,76,1257 Scott Bridge Apt. 027,Wardfurt,Wyoming,12717,37.144415,9.2166845
Janet Bennett,44,631 Murray Island,Rosschester,Idaho,06817,13.350906,9.889611
Diane Reynolds,40,3659 Farrell Parkways,Scottburgh,Missouri,42566,-70.328620,-57.9203435
Mark Whitaker,50,48273 Hardin Circles Apt. 640,Port Randyland,Michigan,01010,-173.063080,-7.5830325
Steven Riley,48,825 Bonilla Stravenue Suite 289,Ortizburgh,Idaho,49281,59.531632,-72.720980
Ellen Hansen,50,5399 Leach Islands Apt. 956,Port Lisastad,South Dakota,18488,-119.684828,51.4342865
Brandy Martin,39,3444 Jacqueline River Suite 393,Lake Dorisville,Idaho,66232,62.593229,61.758191
Robin Cook,79,2405 Rachel Heights Suite 357,East Larry,Washington,70468,14.164079,33.2561325
Robert Powell,38,33245 Garcia Circles Apt. 228,West Richard,Washington,98687,146.266583,-68.569261
Alexandra Mcbride,52,7971 Weaver Views,Lake Monicafort,Arizona,75713,144.648366,19.473943
Michele Bartlett,68,51844 Wood Forge Apt. 807,Lake Nathanielside,Virginia,78287,-76.199777,-43.9736105
Joshua Washington,69,464 Melissa Freeway,Jilltown,Minnesota,64265,172.714635,58.956841
Lauren West,43,2022 Sarah Station,Lake Coreybury,Utah,10557,143.432140,80.687867
Andrea Peck,49,440 Sutton Mountain Suite 910,Nicoleland,Texas,84063,146.065865,-30.478847
Ms. Heather Turner MD,25,346 Washington Extensions,New Zacharyborough,Texas,86483,178.262782,10.2510125
Kim Stevens DVM,32,37143 Burke Ville,Carlosberg,Kansas,01342,169.245017,-72.5013575
Craig Curry,41,52134 Kevin Points Apt. 588,West Brittanyville,Wyoming,12901,-65.857953,-16.9952615
Latoya Rivas,39,991 Evans Passage,Port Brandon,Virginia,79105,10.290406,59.3973185
Wendy Delacruz,62,573 Bradford Extension,Smithland,Washington,64572,-123.858422,-36.618106
Christine Velazquez,36,7275 Joanne River Suite 457,Lake Jasmine,Alabama,13829,61.457650,61.9393465
Jesse Gardner,55,738 Ashley Groves,Lake Yolanda,New Hampshire,04257,-150.461695,-34.5655855
Scott Hunt,54,22479 Jeffrey Pass Apt. 213,Port Jimmy,Kansas,85841,-62.088334,73.0122945
Chad Dean,74,6852 Schneider Stream,New Susan,Hawaii,96234,-9.835897,-35.1683095
Sarah King,60,1923 Natalie Villages,East John,Ohio,37231,45.924187,-50.764789
Diana Smith,39,6888 Leblanc Flat Apt. 616,East Tiffanystad,Missouri,88290,161.847058,-19.129966
Mallory Osborne,77,02413 Christopher Path Apt. 527,Port Edward,Nevada,34784,58.857565,34.209355
Richard Warren,25,748 Jennifer Plains,Jamesburgh,Idaho,51120,119.417100,-85.6727795
Dwayne Hall,43,682 Thomas Bypass Apt. 291,Andrewland,Wisconsin,33023,71.273483,13.8399595
Bryan Daniels,44,27601 Christine Pines Suite 659,North Elizabethland,Alabama,20376,144.596276,43.0416885
John Murray,33,693 Gregory Rapid Suite 287,Guerraborough,Maryland,23774,7.178581,-68.244180
Hayley Russo,48,3248 Anthony Road Suite 580,Nealfort,Nebraska,60468,-95.105405,-57.433198
Russell Gonzalez,74,0777 Thomas Mill Apt. 722,Meganport,Montana,47997,69.806225,-75.6569685
Mark Edwards,33,4701 Renee Crescent,Kellyfort,Massachusetts,22673,-1.670716,67.535173
Amy Walker,52,961 Trevor Fort Suite 639,Markborough,Mississippi,79587,-48.488203,-86.1245315
Amy Allen,40,687 Gilbert Flat,Lake Andrew,Connecticut,83994,-135.287200,73.6283495
Sherri Holland,45,8170 Tyler Station,East Summer,North Carolina,40094,-127.142230,-53.132178
Elijah Daniels,22,5296 Reid Burgs,Millerborough,Maryland,15337,-137.773617,-1.887313
Heather Mccann,29,563 Taylor Crossing,West Keithfurt,Tennessee,15351,121.428975,15.506142
John Jenkins,39,2111 Kelly Stravenue Suite 373,Stevenstad,North Carolina,34211,-132.020295,-61.6244575
Christopher Bautista,61,69637 Tyler Ramp Apt. 238,Thompsonchester,Wisconsin,28658,40.496510,-26.397934
Lindsey Gonzalez,44,68093 Hogan Common,North Terri,Ohio,32158,-11.644892,54.3207425
Megan Carrillo,62,2168 Katherine Drive,Lake Joshua,Vermont,51589,163.675538,44.210740
Jessica Keller,53,738 Keith Cliffs Apt. 097,South Robertaland,Maine,91721,-27.332324,-83.0775065
Gregory Williams,60,9204 Steven Mall,New Seanport,Utah,68722,156.371753,73.1497085
Sara Reese,46,74601 Ryan Track Suite 596,Schultzside,Idaho,46311,-174.364403,54.564182
Abigail Cooper,28,13691 David Drives,New Eileen,Oregon,38230,41.624687,-5.168587
Cindy Mclean,58,50804 Matthew Inlet,East Staceyport,Illinois,44268,-31.460780,59.216547
Lauren Webster,23,706 Banks Crest Suite 646,South Steven,Missouri,95550,-25.273898,23.261887
Andrea Fletcher,67,877 Mcconnell River,New Joseph,Louisiana,15103,-117.167573,86.4374385
Michael Curry,23,562 Patrick Ports Suite 677,Steveberg,Missouri,92338,-20.832806,-17.180184
Trevor Jones,41,2210 Tiffany Knolls,Meghanstad,Maryland,20419,-138.379340,72.2960425
Justin Boyd,38,9183 Gilbert Unions,New Timothy,Wisconsin,96194,10.088760,67.2168665
Andrew Collins,70,979 Kennedy Shoals,Gomezhaven,Nevada,01770,168.808376,-21.542837
Daniel Hernandez,79,29711 Woods Mill,Johnsonfurt,Nebraska,75530,142.557062,37.010083
James Johnston,51,504 Yates Lights,Lake William,Florida,35643,129.599052,28.080850
Susan James,72,645 Carmen Common Apt. 287,Christineland,Georgia,29094,31.881216,-20.478694
Kevin Ross,74,552 Harper Extension Suite 501,New Eric,Wyoming,91357,-36.882357,-82.620602
Patricia Lewis,31,6822 Paul Throughway,Debraside,Tennessee,64080,-126.529811,23.917886
Lisa Lin,71,3887 Snyder Ramp Suite 992,Charlesside,Texas,99653,-20.400261,45.8003245
Alyssa Morris,38,8638 Charles Highway Suite 426,Terriborough,Wyoming,59418,136.041668,72.019293
Aaron Mccarthy,30,8941 Baker Path Suite 153,Williamsshire,Florida,81592,-117.695564,30.9151575
Becky Levine,18,17075 Jennifer Stravenue Apt. 700,Lake Roy,New York,16195,-27.517283,-5.8436475
Margaret Barber,59,9303 Thomas Point Apt. 432,Gardnerchester,Mississippi,90912,-148.375751,82.208910
George Travis,55,591 Michael Fords Apt. 511,East Francisco,Florida,22446,-129.580159,35.5672245
Jeffrey Stewart,67,836 Brown Curve,Bergchester,Massachusetts,15670,-169.470831,-13.818994
Jacqueline Waters,46,46242 Christine Track,Lake Michael,California,58968,65.147505,-11.715811
Michael Durham,50,17623 Brennan Rapid,Rangelborough,Texas,55087,-179.693984,52.2689595
Julie Olson,59,747 Garrison Hills,New Stephenfurt,Kansas,10593,171.457105,-9.832594
Brian Mills,72,893 Jim Mountain Apt. 467,Millshaven,Virginia,36657,-36.881189,22.359050
Stacy Lester,31,148 Jennifer Manor,Yangtown,Louisiana,18555,-58.345657,-24.257175
James Jones,47,394 Flores Fields Suite 935,South Sarahmouth,Vermont,69656,109.268913,14.505450
Jeffrey Webb,30,670 Thomas Field Suite 088,Port Barbara,Kansas,99667,22.939159,2.5130835
Ryan Vargas,51,012 Brian Crescent,Gonzalezview,Oregon,67615,-107.464741,10.7219225
Lynn Hernandez,36,2598 Jimenez Circles,West Kristenborough,Wyoming,36439,88.207711,-1.675064
Dennis Hughes,76,443 Erica Locks Apt. 392,East Jorgeside,South Dakota,16480,52.196587,-51.1787755
Jessica Nunez,50,7615 Molina Park,South Todd,Massachusetts,14889,-37.240175,0.872751
Kimberly Craig,32,387 Lopez Prairie,New Daniel,Illinois,98418,102.842007,-79.416318
Anna Day,45,282 Charlene Junction Apt. 461,Rebeccaview,Arizona,35023,-95.934708,49.6576145
Christopher Sellers,69,13634 Garrett Ridges Apt. 005,Port Jamesview,Illinois,89070,4.715623,74.2928965
Sheena Smith,55,83936 Stafford Summit Suite 843,Robertland,Idaho,20772,71.513346,33.123888
Joseph Bowman,73,825 Heather Cliff Suite 489,East Michaelberg,Utah,49918,55.032932,-30.2180925
Nathaniel Allen,72,21615 Morris Rapids Apt. 207,Choishire,Massachusetts,74218,166.459798,-30.815639
Adam Shelton,69,14407 Frank Mountain Apt. 856,West Ericaville,Wyoming,93608,83.289010,-19.110308
Rebecca Ramirez,56,635 Thomas Fields,Baileyshire,Rhode Island,64406,-137.836167,41.7081205
James Rodriguez,30,79747 Carson Springs,South Michele,Indiana,74085,141.396333,48.607941
Gregory Gutierrez,57,667 Larson Mission,Allentown,Colorado,81487,-99.952340,-11.4546265
Dr. Justin Perkins,73,425 Clarence Club,South Aaronland,North Carolina,29139,-142.632109,33.9067235
Rebecca Bolton,32,0984 Laura Trail Suite 432,Lake Michaelview,Idaho,65866,-151.589148,45.799016
Robert Black,38,98457 Gabrielle Club,Debrahaven,Arkansas,82089,-0.204824,52.0226125
Monique Wells,39,8903 Andrews Hills,New Melissa,West Virginia,47537,146.843364,-5.7202675
Jeremy Kennedy,38,0864 Lopez Port,Lake Jason,Wyoming,90196,-168.870049,-14.989546
Autumn Hebert,67,891 Schultz Well Suite 761,Cranestad,Oklahoma,51301,-179.489151,-87.986691
Kristin Davis,54,115 William Bridge Suite 448,Davidtown,Nevada,83726,136.241926,-80.405870
Matthew Ramos,56,507 Sandoval Radial Suite 230,Lake Christopherside,Alabama,23074,-54.751824,20.455723
Miguel Wood,68,30348 Debra Courts,Dillonfort,Utah,90141,72.036209,74.3411145
Linda Orr,52,8231 Virginia Oval,New Joshuashire,Kentucky,78687,-79.332111,81.2682885
James Jordan,76,93210 Price Inlet Apt. 055,Nataliemouth,Minnesota,31297,-174.284199,-23.3189845
Kim Flores,50,77242 Kyle Coves,Amberville,Illinois,43805,-97.703585,-69.161433
Raven Frazier,31,164 Wolfe Drives,Marthaberg,Oklahoma,09506,-105.205431,8.7722385
Nicole Lambert,39,866 Scott Ferry,New Gregoryport,New Hampshire,57831,74.593637,25.3572405
Sarah Caldwell,54,798 Derek Road Suite 443,West Shawnbury,Illinois,73388,-146.930264,20.2021895
Devin Ross,37,72536 Bailey Springs,South Lisa,Wisconsin,19945,-64.899026,-84.1518145
Marilyn Bailey,58,0203 Jones Roads,Greenberg,Texas,01831,101.604772,1.9112335
Bethany Rivera,41,37758 Brittany Mission,Mendezborough,Louisiana,13056,-17.348693,-44.928819
Rhonda Knight,24,750 Victoria Alley,Brianmouth,Alabama,05754,150.706692,-3.9365385
Gregory Robinson,54,9797 Steven Pine,Cassieport,Minnesota,89690,104.307940,25.7542425
Donna Simon,68,4530 Melendez Vista Suite 320,Hawkinsmouth,Delaware,46275,-173.680883,42.0861935
Christina Hughes,62,66573 Roger Walk,Patriciaton,Mississippi,99619,3.039088,-7.2522265
Kelly Barrett,37,048 Wilson Cliff,Philipmouth,Virginia,18218,-22.594827,-27.9450615
Tyler Garcia,21,49546 Wallace Forest,Vanceton,South Carolina,83660,103.634134,6.664459
Erica Smith,78,5142 Kristy Viaduct Apt. 638,Fosterberg,Florida,21066,-103.892114,-62.405218
Neil Green,64,21336 Johnny Mall,Port Kaylee,Wyoming,92402,-165.285201,-48.845387
Mary Le,40,42513 Walsh Harbor,Port Molly,Tennessee,50025,80.351895,76.305435
Natalie Jackson,18,83115 Robert Lodge Apt. 713,North Kayla,Kentucky,93972,128.567728,81.9426175
Robin Ramsey,74,85617 Hunt Island Suite 190,South Willieland,North Dakota,00595,72.712207,7.250662
Heather Smith,73,056 Brown Vista,Loveborough,Arizona,72711,-90.500456,-48.294545
Andre Donaldson,61,898 Hahn Camp,West Amanda,Nevada,70247,-127.210855,5.687587
Patrick Henry,44,47717 Dennis Bridge,New Shannonton,Tennessee,35519,-145.455638,48.998174
Laura Dawson,76,987 Flowers Point Suite 262,North Jennifer,Wisconsin,53863,64.879178,18.4104555
Amanda Tanner,58,8687 Miles Corners Suite 574,Matthewberg,Rhode Island,23775,32.612730,81.6079055
Allen Elliott,25,21849 Mcdaniel Springs,West Charlesborough,Florida,91387,-51.707917,2.452748
Jennifer Gordon,61,130 Ball Port Apt. 388,Buchananside,Utah,57079,-108.488753,88.9213575
Virginia Barber,46,9477 Allen Gateway Suite 305,Reneeport,Vermont,99555,-73.040149,33.0465085
William Ryan,56,0087 Wanda Overpass Apt. 174,Lake Kyle,New Jersey,22681,-0.133679,57.9485145
Linda Sanchez,39,874 Megan Rest Suite 928,Anthonybury,Idaho,75500,-41.463289,-10.3946185
Cindy Welch,25,842 Lamb Mount,Millsport,Arkansas,35676,131.201905,-60.995921
John Middleton,48,2435 Atkins Village,Wilkersonburgh,Rhode Island,99279,105.630222,-9.6026615
Brittany Thompson,72,94724 Powell Corner,East Monique,Wisconsin,48951,167.546893,9.1056305
Kirk Matthews,56,8581 Clayton Skyway,Weissview,Vermont,53651,-101.628502,-13.010514
Steven Patel,68,162 Wall Key Apt. 070,Smithfort,Louisiana,02985,40.598658,-68.943421
Mrs. Linda Gordon MD,60,36906 Jason Place Apt. 062,Meyerton,Wisconsin,52684,-25.652539,78.7888795
Jacob Russell,22,32918 Lopez Coves Suite 476,Lake Crystal,Washington,33676,168.640831,-64.048726
Susan Smith,24,66870 Russell Radial Suite 812,South Georgeborough,New York,45804,-108.455103,79.032553
Eugene Lynch,28,415 Samantha Throughway Suite 613,West Nicolechester,Pennsylvania,49161,92.238682,25.540071
Daniel Mills,35,415 Melissa Crest,Robertville,Louisiana,17182,-32.583443,-13.0758385
Joseph Jones,34,116 Charles Drives,Youngfort,Nevada,05445,-110.053868,69.697196
Michael Burgess,47,93664 Ayala Tunnel,Rasmussenton,Maine,96146,-48.458546,83.323979
Stephen Rasmussen,65,210 Garcia Extensions,Curtisfurt,New Hampshire,03269,173.226374,-22.375620
Lawrence George,35,2159 Snyder Motorway Apt. 241,Port John,Arkansas,03841,-153.674421,34.9313935
Mr. Tony Brown MD,35,2612 Evans Ridge Suite 633,North Cathy,Wyoming,71979,177.029932,86.513158
Ana Hobbs,27,7466 Lowe Hills Apt. 898,Johnnyfort,North Dakota,65520,147.005541,42.7470515
Ryan Barnes,36,5027 Smith Prairie,Susanton,New Hampshire,21124,-150.742113,-32.8531465
Danielle Aguilar,70,749 Franklin Harbors Suite 019,East John,South Dakota,27036,176.705392,60.742654
Ryan Lee,60,7659 Lambert Crest Suite 520,Andrewsstad,Louisiana,23779,-154.817594,47.7804625
Alexandra Hernandez,42,03107 John Junction,Wileyberg,Vermont,69429,175.541204,-87.027896
Seth Brown,47,45292 Pearson Stravenue,Richardsontown,Mississippi,11886,-130.315052,20.110574
Vanessa Brown,70,30253 Stephanie Turnpike,North Kevin,Montana,87397,-53.239068,-0.7268435
Nancy Faulkner,70,6307 Hicks Island Suite 801,Danielhaven,Michigan,54499,1.724243,87.509348
Jonathan Perez,69,11595 Wagner Pine,East Justin,Maine,17700,-57.925479,-71.8605685
Jeffrey Gutierrez,30,9343 Martinez Causeway Apt. 649,New Michael,North Carolina,60467,-60.630090,-66.1030315
Jason Gomez,66,2163 Thomas Row,New Robertview,New Jersey,13900,72.432179,77.658004
David Kennedy,54,108 Hall Causeway Apt. 977,Powersfort,Kansas,95785,37.990638,-78.3062785
John Swanson,30,9984 Pedro Knolls Suite 230,New Stephen,Indiana,28648,-7.658473,11.7575285
Alisha Hill,39,613 Tracie Common,Houstonshire,South Dakota,82487,170.424739,-54.3506155
Ashley Smith,60,17161 Jones Glen Suite 467,Port Rogerhaven,Colorado,20811,-50.947550,-78.611660
Wesley James,80,78256 Becker Locks Apt. 057,Taylorborough,Alaska,20490,-46.590057,5.063422
Mrs. Kaylee Lewis MD,57,73492 James Bridge,East Laurenhaven,Colorado,44111,-25.658746,38.420990
Amy Williams,67,995 Hamilton Crescent Apt. 611,New Anthonytown,Iowa,60871,24.000664,-59.538398
Robert Little,33,9833 Luis Islands Suite 356,Hornemouth,Vermont,76971,124.459587,-34.901872
Michaela Williams,19,995 Scott Union,Michaelstad,Virginia,99330,-152.514166,3.1621635
Antonio Richardson,62,659 Andrew Parkway,West Jason,Oklahoma,96590,-80.899491,48.635174
Cory Andrews,63,451 Sanders Rue,Foxburgh,Alabama,50226,-160.437891,-72.664853
Kenneth May,55,97346 Mitchell Ford,East Tara,Nebraska,51069,-139.368790,74.063748
John Lawson,71,391 Baker Mountains,Gardnerbury,Indiana,80090,102.062711,81.767202
Victoria Ali,34,274 Stevenson Village Apt. 773,Lake Kimberly,Hawaii,07866,123.439542,-34.4711485
Terrance Rose,29,767 Greene Oval,Evelynburgh,Alaska,60021,90.107554,-53.993388
Lisa Gallagher,22,584 Jessica Stream,West Thomasshire,New York,94052,61.336415,-28.863736
Pamela Kennedy,48,47541 Wilson Shores,Justintown,Maryland,49657,-67.950889,48.7071685
Stephanie Stewart,19,74662 Figueroa Manor,Josefurt,Iowa,47213,96.519854,10.1990295
Dan May,34,251 Francis Rapids,Morrisfort,Virginia,29385,88.833059,-80.016149
Douglas Rodriguez,63,0453 Kimberly Green Apt. 132,East Jennifer,Hawaii,61311,4.109522,86.699501
John Weber,49,63553 Larsen Dale Apt. 405,Howellville,Alaska,17192,174.114295,55.874645
Ronald Howard,25,9182 Wang Inlet,Franklintown,North Carolina,60833,9.872980,68.0990485
Danielle Richardson,71,9146 Christopher Shore Suite 949,South Sue,Alabama,34604,-176.093956,24.063019
Stephanie Lawson,36,04540 Janet Glens,Bestmouth,Virginia,36538,-145.447019,50.5430855
Matthew Hunter,74,72082 Kathy Bridge,Bassmouth,California,76286,120.249481,49.9801785
Brandon Myers,37,051 Vasquez Burg Apt. 292,Toddborough,Virginia,69458,55.602286,29.702292
Douglas Sanders,60,65325 Randolph Lakes Suite 253,Rogersbury,Arkansas,54646,-107.813118,-59.591689
Kenneth Yates Jr.,64,728 Jeffrey Manors Apt. 719,West Graceview,Hawaii,60807,-176.316742,-89.608022
Matthew Montgomery,52,37636 Williams Divide,Lake Jeffery,Virginia,05134,-80.032819,76.7453385
Tyler Kelly,38,981 William Valley,North Deanfurt,New Jersey,50320,-162.795701,29.236910
Edward Perkins,75,141 Lane Fords Apt. 588,West Natalie,Utah,37409,-70.650058,38.1023535
Elizabeth Warren,66,7836 Dunn Fords Suite 696,New Jeffrey,Alaska,42812,13.692401,-61.7859785
Courtney Mendoza,36,69966 Maria Key Apt. 127,East Gregorystad,Pennsylvania,85583,50.854616,65.7805755
John Wells,36,5245 Stephanie Grove Apt. 274,Port Brandonbury,Montana,32306,21.795297,-51.642123
Benjamin Greene,33,448 Christopher Mountain,Jamesside,Alabama,14503,-63.617062,34.177610
Aaron Snow,68,745 Michelle Stream,West Jasmine,Colorado,50323,-143.385273,-15.2339195
Elizabeth Wright,40,91252 Sara Well,Youngmouth,Utah,95978,-34.752881,79.5796665
Stephanie Chavez,55,50054 Robert Mills Suite 132,North Angela,New Jersey,10731,13.137315,46.932035
Nancy Jones,23,3345 Tammy Mountain Suite 686,Port Yeseniatown,Idaho,42034,-81.449112,-27.4426655
Justin Harris,67,075 Gregory Knolls Suite 491,South Melissa,Wisconsin,01461,109.867274,-74.509126
Linda Fields,63,8284 Arnold Gardens Suite 969,Laurashire,Hawaii,67548,178.196280,25.074044
Gary Mccoy,36,676 Julie Path Apt. 463,East Jamesbury,California,15318,-31.284186,-71.020853
Crystal Marquez,37,825 Linda Extension Apt. 474,Hoffmanfurt,Massachusetts,34889,19.848294,-13.933363
Zoe Hahn,45,7696 Green Heights,Donovanburgh,New Mexico,94129,-27.792139,-70.367157
James Hansen,23,7057 Johnson Harbor Suite 731,South Anthonyberg,Arkansas,15979,-2.779348,-16.7646585
Max Reid,44,3446 White Run,East Diane,Montana,27819,29.270288,28.395601
Miss Sarah Davis,72,677 Brown Vista,Fitzgeraldton,South Carolina,67157,142.497732,80.099064
Elizabeth Scott,59,0585 Zachary Prairie,Barnesport,Georgia,69168,-91.301330,56.954782
Amber Johnson,58,8972 Mackenzie Fields,Lake Matthew,Michigan,75548,108.170409,-24.1757725
Francisco Kline,45,7685 Castro Plain,Tonyview,Texas,40965,-136.846849,-27.1080105
Brian Walsh,44,5182 Jones Forks Suite 572,East Debraberg,Alaska,53944,12.936501,-16.198223
Stephanie Mccormick,71,743 Michael Cliffs Apt. 073,Lake Kathleen,Michigan,39345,-68.752281,-8.6103895
Robert Taylor,70,88667 Chavez Circles Suite 353,Guyfurt,New Hampshire,30895,-78.376073,37.432404
Richard Contreras,72,69039 Frederick Mountain Suite 674,North Cole,New York,94207,-6.283975,-81.3916805
Regina Ferguson,39,03957 Tiffany Center,Aaronport,Utah,21915,25.556979,-63.4169325
Joshua Todd,63,4524 Charles Harbors Apt. 429,Edwardsland,Texas,58411,137.765477,64.4345845
Jeffrey Owen,56,292 Little Inlet,Edwardview,Mississippi,09779,-83.093096,54.0577145
Emily Fuller,34,63470 Jo Isle Apt. 684,South Robert,Delaware,57336,-26.017685,57.3702985
Sheila Lee,68,3034 Michael Square,Mathisport,Arizona,47379,53.573417,81.807788
Dawn Raymond,51,14255 Bauer Mountains,Lake Ashley,Rhode Island,72420,157.003201,-35.100338
Ian Hudson,32,12122 Randy Parks,Dixonbury,Oregon,19421,-106.310241,-22.857433
Brianna Mcneil,58,607 Henry Shore,Ryanport,Nevada,48123,-67.049615,-39.725628
Kelsey Richardson,46,275 Jessica Neck,Hillfurt,Mississippi,58793,68.402090,-60.684829
Cody Monroe,58,7292 Knight Roads,North Juan,Connecticut,42432,-172.770018,20.5921405
Carrie Nelson,80,51627 Scott Mount Suite 989,North Jasonland,Rhode Island,85942,-58.698011,48.767146
Joshua Goodman,80,702 Matthew Alley Apt. 356,West Brucefort,Idaho,67457,-145.077756,-26.2212935
Kevin Middleton,31,116 Angela Ramp Apt. 065,New Terri,New York,75656,69.977161,-16.993143
Heather Clarke,33,70413 Fox Falls Apt. 356,Tinaborough,Michigan,01145,126.099050,61.268183
Rachel Wiley,45,064 Bishop Wells Apt. 725,Walkermouth,Pennsylvania,28800,98.402453,48.871567
Brandon Schmitt,63,32572 Edward Way,Sylviafort,Indiana,97331,31.945713,88.1808495
Brian Reyes,20,695 Schmitt Rue,Lake Valeriestad,Virginia,47341,122.866082,79.1333945
Nicole Cook,64,57384 Bond Lock Suite 748,Nathanburgh,Georgia,74977,-64.486749,-14.517712
John Kline,55,416 Mullins Run,Lauraburgh,New York,76296,168.562794,-14.031506
Christopher Turner,28,8969 Jessica Canyon Suite 087,Lake Christinaland,Illinois,69380,27.591704,38.649203
John Martin,41,70778 Sara Trace,Port Jessechester,Connecticut,66532,-105.769279,-68.185220
Joseph Johnson,52,79431 Michael Tunnel Suite 546,Billyview,Indiana,17098,-164.293345,23.3971855
Megan Harris,23,39461 Davis Shores Suite 145,Lake Rebeccaland,Minnesota,98890,158.850196,-56.417542
Samantha Cook,37,18620 Wilson Plaza Apt. 367,South Catherine,Massachusetts,79473,43.452899,9.4656325
Michelle Johnson,43,558 James Circle,Lake Garymouth,Michigan,73914,-113.330413,9.5491525
Daniel Williams,32,5121 Salinas Lane Apt. 221,West Prestonview,Texas,31063,83.345747,4.8125625
Nichole Soto,61,817 Love Throughway Suite 817,Johnsonborough,Nevada,76287,-108.334392,-25.2093685
Brianna Stark,55,10414 Martin Summit,Martinfurt,Wyoming,68058,-14.312948,-42.2872045
Frances Jackson,69,8509 Raymond Estates Apt. 632,Ronniefort,Connecticut,24774,-40.641836,-6.1118175
Tara Reynolds,56,5108 Rose Crescent,New Ashleychester,Minnesota,44357,-94.524763,-40.8225395
Alexandra Harrison,67,7653 Scott Haven,Johnville,Minnesota,81617,137.061277,19.601248
Andrew Stone,80,717 Short Oval Suite 723,Portermouth,Kentucky,52656,101.277757,72.048536
Dylan Garner,59,605 Robin Villages,Allisonstad,Hawaii,59528,27.264721,-67.5884275
Bryan Thomas,49,3340 Bauer Glen Suite 057,Robbinsview,Iowa,45230,-154.328665,-38.1479215
Jessica Sherman,69,65039 Charles Way,New Michaelborough,Colorado,15816,-78.243302,-11.117341
Jerry Hernandez,78,99824 Debbie Union Apt. 567,South Chelseafort,North Dakota,68718,-29.293090,-87.216214
Robert Mccormick,29,81822 Michele Loaf Suite 840,Zoemouth,Georgia,27824,-148.481471,26.646294
Bridget Kelly,32,83171 Rios Corner Apt. 277,South Scottside,South Dakota,49624,-62.852238,-28.186662
Linda Thompson MD,21,80362 Rice Ridges,Jeffreyberg,Minnesota,94063,-31.279606,26.9337545
Jason Hanson,74,14984 Sullivan Radial Suite 491,Lake Robertstad,Texas,51661,50.790351,16.522546
Kenneth Rodriguez,37,364 Walker Turnpike Suite 272,East Rachel,Pennsylvania,52557,-25.260146,-78.627250
Joseph Owens,34,672 Murphy Harbor Apt. 280,Wardmouth,Missouri,67877,99.505752,56.559938
Elizabeth Campbell,53,51044 Dodson Stream,Port Sharonfurt,Florida,11582,-47.071277,-56.346548
Jordan Robinson,43,2807 Elizabeth Village Suite 348,West Claudiaton,Indiana,82023,176.050125,-2.5505995
Samantha Armstrong,30,457 Rodriguez Park,Pamelaview,New York,35742,47.413168,-48.8539035
Dana Tapia,22,561 Lisa Valleys,Port Adam,Utah,76986,58.567308,-51.098037
Brandon Smith,36,76654 Angela Radial,Lake Allisonland,Georgia,55623,41.313905,17.8339005
Cassandra Ramirez,59,884 Willis Mount Apt. 309,North Andrew,Wisconsin,32505,-8.315699,-16.5479935
Jean Owens,66,5273 Wong Shoals Apt. 951,East Arthurmouth,Wyoming,85776,32.066425,86.918540
Ashley Miller,40,373 Stewart View Apt. 999,Carterburgh,South Dakota,23962,-135.729797,40.534782
Jonathan Andrade,71,0594 Silva Ridges Apt. 978,Michaelfurt,Nevada,06652,144.788616,7.3263815
Lisa Ballard,33,26136 Harvey Mission,South Joyce,Georgia,48744,37.956329,14.958379
Denise Baldwin,32,7860 Christopher Ford Apt. 188,South Olivia,New Mexico,15855,-75.003200,51.7009565
Jennifer Elliott,63,4281 Alan Neck Apt. 353,North Brettfort,New Mexico,83198,-175.711509,50.8092475
Michele Roberson,70,82189 Williams Park Apt. 200,Roberttown,Arizona,09804,-147.652358,-61.736931
Amanda Khan,44,07125 Mercer Extension Apt. 406,Fordberg,Kansas,56970,-139.360899,-51.1233705
Debra Baker,47,932 Joseph Lakes Apt. 378,Lake Corychester,Oregon,40167,147.756626,-27.002837
Jennifer Pena,41,253 Smith Stravenue,Marthabury,South Dakota,22801,-107.105157,53.0046135
Aaron Boone,75,64693 Morris Views Apt. 031,Port Davidview,Maryland,54602,127.767724,45.6782105
Laura Munoz,65,350 Ward Plain Suite 327,Douglasfort,Colorado,22123,-81.028724,-64.390660
Sarah Hale,39,69583 Hayes Plains Suite 859,North Daryl,Nebraska,51847,171.759003,-48.390316
Martha Barker,78,2063 Villanueva Harbors Suite 648,North Jasonmouth,Ohio,38480,-89.137819,20.892636
Terry Alvarado,31,6067 Timothy Mountain,South Jeffreymouth,South Carolina,72126,-66.117270,85.386743
Gina Ward,33,84034 Frederick Skyway,Lake Jessicaberg,Hawaii,94372,-43.121576,2.177820
Barbara Watson,32,012 Davis Centers,Cynthiaberg,Wyoming,64680,54.372518,42.3555065
Andrea Ramirez,53,95636 Brown Via,Larsonhaven,Colorado,46693,158.422460,-19.581661
Rachel Mccarty,61,42873 Harmon Knoll,South Briana,Kansas,59068,-42.322070,-9.776237
Christopher Coleman,53,268 Russell Unions Apt. 392,East Robertmouth,Maryland,04935,-23.266800,-22.115856
Brandon Oneal,72,230 Rebecca Isle,Lake Donaldbury,New Jersey,95789,168.248852,1.654424
Maria Herring,80,423 Cook Center Apt. 741,Port Rebeccaberg,North Carolina,23931,83.318351,65.8522785
William Martin,22,2211 Chelsea Village Apt. 955,Smithtown,Washington,83845,15.392419,47.845286
Sean Morris,18,84697 Huffman Manor,West Rachelfort,Montana,92105,-31.872385,49.416899
Evan Campbell,36,14110 Clark Walks Suite 253,Lake Rachel,New Mexico,16066,-151.835803,52.4400545
Bryce Nichols,20,943 Isaac Rapids Apt. 523,Lake Brianshire,Alaska,91512,-38.126781,61.1599795
Thomas Reyes,55,37335 Michael Freeway,East Timothyfurt,South Carolina,95498,82.166221,30.595558
James Rogers,19,30464 Murphy Fall Apt. 164,Gallaghermouth,Montana,23104,-119.907872,-57.4016345
Ashley Simpson,36,84985 Gutierrez Road,Lake Michael,Pennsylvania,87583,-129.029919,-13.8751105
Nancy Thompson,23,161 Matthew Flats,Kimport,Mississippi,67509,154.055410,-53.3902545
John Oliver,59,44656 Ryan Plain,Kirbystad,Arkansas,95729,-133.569451,-7.9514625
John Rowland,64,82645 Shawn Pass Apt. 629,Farrellside,North Dakota,47975,-133.561626,81.276714
Tiffany Morton,49,3488 April Wall Suite 689,Olsenport,North Carolina,42135,33.631285,20.0036725
John Taylor,77,6233 Charles Dam Apt. 749,Lake Paul,Nevada,81316,-0.423279,-56.272433
James Vaughn,70,46470 Sharon Route Suite 274,Sandraton,Idaho,04734,171.349497,22.461119
Caroline Crosby,69,01234 Tyler Parkways Suite 712,Perezland,North Carolina,59526,-60.739237,-3.292992
Shari Frank,47,328 Cline Brooks,North Rebeccamouth,Washington,83846,104.339801,28.0501075
Dennis Blankenship,53,8933 Murray Manor,New Nicoleview,Louisiana,42632,-113.461120,-22.360777
Melissa Nichols,31,229 Moreno Plains Apt. 529,Rodriguezshire,Connecticut,76603,-31.707890,-84.759323
Mike Green,27,259 Samantha Islands,Barnesside,West Virginia,96698,36.931064,-45.305911
Jennifer Curtis,71,450 Sanchez Drives Suite 305,West Wendyshire,Ohio,81817,9.900322,59.917173
Elizabeth Nguyen,42,892 Kim Lane Suite 412,North Valerie,Massachusetts,82246,-68.118730,4.3019915
Denise Nixon,18,23631 Melissa Port Suite 862,Lake Marialand,Georgia,43274,40.595556,80.0944675
Lisa Leach,56,13916 Matthew Rapid,West Ashley,Wisconsin,75508,74.345131,32.0591595
Kimberly Chapman,75,45504 Schneider Mountains Apt. 439,Port Richardview,Florida,55883,-150.825913,72.753442
Julie Long,63,5897 Angela Course,Barnettland,North Carolina,91998,65.466928,31.016935
Andrew Frazier,26,293 Tucker Light,South Aliciafurt,Connecticut,61634,-48.214166,-72.762620
Timothy Peterson,18,332 Shannon Key,Port Emilyberg,Colorado,99502,31.583451,82.664132
Steven Garcia,29,74596 James Meadow Suite 922,Sabrinatown,Alaska,61483,171.099994,43.7053795
Matthew Perkins,55,984 Jon Trafficway Suite 840,New Lisachester,Vermont,89585,-162.755517,-7.144610
James Jackson,22,3169 Maldonado Vista,Jacktown,Kansas,86107,101.511927,-20.544123
Trevor Hodge,27,51695 Everett Lake,Tylerberg,South Dakota,77141,75.676455,43.136853
Paul Jones,58,7206 William Harbors Suite 764,Edwardsburgh,Mississippi,91025,-14.706807,-26.4379125
Jessica Gibbs,54,432 Evans Brook Apt. 258,Weberburgh,Tennessee,84647,9.148510,80.274650
Latasha King,45,4369 Suzanne Estates Suite 018,Sarahchester,Alaska,73957,136.268898,-20.1906985
Kimberly Roberts,75,99572 Johnson Plains,New Laurenton,West Virginia,65549,72.498238,-63.825795
Aaron Church,74,321 Cantrell Key Apt. 094,Waltermouth,Virginia,14861,-146.270074,-55.564316
Paul Hunt,24,9216 Meadows Rapids Apt. 489,Port Amy,Alabama,47749,-155.210106,89.078186
Steven Oliver,38,362 Thompson Island,Perkinsfurt,New Jersey,40021,160.058162,-59.817709
Michelle Bolton,45,081 Robertson Street,South Mariaburgh,Nevada,83645,170.770945,67.852694
Holly Hayes,72,8346 Gonzales Run,Williamsburgh,Louisiana,16878,65.555961,-70.701440
Rachel Soto,36,008 Allen Overpass Suite 932,East Andrew,Oklahoma,94004,-65.809739,-58.1982425
Nicholas Conley,20,2908 James Gateway Suite 615,Parkerbury,Montana,43046,33.591240,-49.163283
Aaron Klein,78,557 Long Harbors Suite 978,Bobbyville,California,55486,-42.643767,-5.8172145
Erica Johnson,76,17006 Susan Way,Port Nicole,Michigan,03811,122.073506,-45.4365015
Devin Carter,74,77241 Kimberly Mews,New Jennifer,Florida,71612,-55.130590,74.2895065
Melissa Wise,21,9721 Natasha Viaduct Apt. 209,Karinachester,Vermont,25901,177.922590,-74.4620465
Sarah Ballard,25,5072 Bennett Streets Suite 252,Rojasside,Wyoming,43565,-38.439327,-83.6380575
Joshua West,50,91080 Morris Crest,Port Kelly,Delaware,02030,92.152757,-9.8198085
Michael Davis,75,28553 Allen Locks Suite 468,Stephanieview,Vermont,21241,86.308995,87.4810995
Scott Ortiz,80,886 Hendricks Wells Apt. 538,Lake Isabelton,Alabama,49449,-87.168070,38.8454485
Greg Chen,70,07636 Bailey Knolls Apt. 564,New Tamara,Alaska,65827,-76.783733,-80.643980
Bradley Sanchez,72,17654 Luis Square Apt. 237,Jonathantown,Rhode Island,14364,33.252088,-59.887686
Marcus Young,25,652 Lisa Islands,Robinsonfort,Idaho,89683,-59.166364,24.461489
Patricia Marshall,46,77888 Crawford Knoll Suite 897,Stephanieland,Wisconsin,56936,-93.118420,31.668924
Gabrielle Ross,37,65938 Hawkins Station,East Morganfort,Pennsylvania,19303,178.367634,40.579276
Sarah Smith,34,9626 Fowler Prairie,Davistown,Tennessee,87586,-110.443637,82.541269
Daniel Baker,19,46036 Powers Island Suite 712,East Cassandra,Ohio,52424,-107.445810,-71.146433
Sean Smith,18,98200 Jimenez Islands,Farrellside,Minnesota,30738,-31.432866,-58.6573035
Stacy Hamilton,39,04560 Timothy Crest Suite 671,West Paulamouth,Alabama,84545,139.147102,-60.644552
Brittany Dennis,22,64297 Rangel Park Suite 581,North John,New Hampshire,73632,114.698687,-28.056426
Mrs. Shannon Adams,74,7170 Kaitlin Glen,New Stephanie,Wisconsin,31272,45.671312,-75.430852
Sarah Howard,69,276 Isaac Extensions,Kennethport,Nevada,71033,7.287561,1.2243665
Adam Krause,30,7607 Wayne Prairie,East James,Vermont,80270,158.399765,-14.912245
Margaret Washington,61,16245 Jeremy Mills,Brittanytown,Nevada,69114,-16.512084,-53.258890
Nicole Hampton,26,7266 Young Rapid Apt. 636,Breannaview,New Mexico,81224,0.580048,54.2143065
Roy Mcgee,30,82977 Patricia Points,West Colleen,Delaware,47528,-57.419673,-47.3122845
Brian Cooley,36,359 Courtney Greens,East Johnton,Virginia,16973,84.824274,-17.7383635
Todd Lewis,74,92048 Rojas Dale Suite 397,South Fernando,Arkansas,70814,-45.870461,-58.565936
Susan Griffith,74,24384 Johnson Viaduct Apt. 435,Lake Melissashire,Alaska,37770,-153.691478,-77.837881
Alan Hardy,36,121 Frances Landing,Pamelaside,California,65251,146.274069,53.112690
Brenda Williams,53,2423 Livingston Corner Suite 294,North Teresaville,New Mexico,25071,112.800262,-69.4848545
Mary Clayton,32,391 Vargas Lakes Suite 248,Angelaview,Michigan,47859,85.827928,28.634309
Terri White,22,4070 Holly Curve Suite 168,New Michael,Connecticut,87438,-154.015360,34.836514
Mark Shepherd,57,90307 Lowery Court,Andersonmouth,Maine,61256,-46.087846,55.3430195
Andrew Wilson,52,3936 Haynes Shore,Port Brenda,Kentucky,40763,-36.832183,-60.587177
Laura Smith,18,0348 Mcintosh Views Suite 264,Alvarezview,Wyoming,24095,158.837495,87.2449815
Anna Martin,33,753 Jonathan Trafficway,Mccarthyville,Connecticut,69823,-84.147916,51.248237
Lauren Joseph,80,9778 Williams Court Apt. 358,South Angelafort,Wisconsin,62857,149.397519,-77.108457
Joshua Booth,77,7089 Heidi Point,Lake Rebekahstad,Pennsylvania,76251,-145.075101,37.4892475
Justin Nichols,47,89309 Xavier Falls Suite 310,North Laura,Connecticut,14867,-161.304768,-16.440237
Timothy Fernandez,60,47349 Horn Well,South Andrewton,Rhode Island,14827,42.989626,39.861441
Kathy Martinez,40,07184 Ewing Ferry Suite 173,Peterstad,Florida,36615,142.338024,34.612744
Ian Campbell,74,7254 Marissa Spring,Stephanieburgh,Pennsylvania,95265,-111.503802,44.943400
Ashley Dyer,40,526 Charles Fort,Kylemouth,Vermont,77988,112.592579,-84.379306
Ryan Phillips,39,062 Key Port Suite 755,Careyton,Kansas,03577,-30.121489,89.184394
Garrett Bradley,54,8749 Brian Shores Suite 506,Valdezfort,Mississippi,87149,147.771490,-61.049198
Shannon Ford,80,05704 Perez Ridges,Ryanshire,Alaska,93410,-112.581117,-44.9800845
Jeremy Berry,78,106 Steve Corners,East Alyssa,Alaska,24234,106.332285,-79.4828155
Terri Wang,40,19237 Wilkinson Plain,Lake Alex,Wisconsin,86505,-63.227525,-77.0417865
Sarah Riggs,56,39354 Taylor Mount,Charlesfort,Louisiana,19095,37.103638,-80.358026
Michael Williams,61,6325 King Turnpike Suite 544,Anthonyland,Alabama,47483,28.533999,27.590526
Connor Simon,18,24088 Austin Mission,Laurenview,Georgia,13334,177.322375,-79.825530
James Leonard,46,371 Michael Dam,Whitechester,South Dakota,21195,-179.931518,-67.301677
Mr. Thomas Blankenship,23,14014 Christine Roads,Leeshire,California,16623,30.126361,-76.667005
Amber Jones,24,49654 Warner Squares,Melindashire,Massachusetts,50080,154.602480,45.028576
Cheryl Horton,39,274 Nichole Freeway Apt. 387,New Christopherburgh,Florida,01916,-68.827794,-41.1330565
Tammy Lynn,44,14274 Johnson Isle Suite 450,Colinborough,Montana,70752,0.471092,-46.095072
Gina Hernandez,80,5129 Danielle Islands,Davidsonmouth,Kentucky,97373,126.732342,67.2021545
Wendy Ramos,66,9505 Tyler Gateway Apt. 805,Lake Jonshire,Arkansas,36324,58.582256,69.9691565
Sara Jenkins,79,7826 Michelle Glen,Fuentesburgh,Missouri,43163,-43.438185,10.9866795
Sharon Lopez,22,9875 Weaver Ports,Georgeborough,Oklahoma,20295,-86.984557,3.363308
Heather Green,39,952 Turner Mews Apt. 124,Hillfort,Oregon,82937,24.308917,-15.7097615
Megan Rose,37,69754 Anthony Plaza Suite 318,South Johnton,Georgia,85884,-102.720644,-3.847300
Timothy Kerr,64,208 Melissa Roads Apt. 383,Mooreton,Arkansas,27471,-102.055547,9.816936
Melissa Valencia,69,23227 Watkins Haven Apt. 502,West Michael,New Mexico,21134,-30.411781,85.0264245
John Hall,40,83116 Burgess Lights,Oneillside,Missouri,90672,-82.006647,30.2935965
Nicole Gallegos,28,3897 Jacqueline Fall,Hernandezhaven,New York,82538,81.538066,-28.5123985
Cheryl Dougherty,78,269 Stafford Plains Suite 360,Brittanytown,Indiana,67500,-154.989059,-17.988939
Thomas Garrison,74,389 Houston Summit,Torresside,Kansas,07017,140.102184,76.5658385
Kendra Mccullough,69,8444 Olivia Garden,Robertsbury,Colorado,25835,72.679200,63.857705
Kristi Booker,66,24476 Wagner Station,Glassland,Indiana,97572,-160.578452,-68.550598
Joseph Carter,77,061 Johnson Knolls,West Julie,South Dakota,67623,7.756432,-10.034763
Ryan Walters,18,47220 Carla Canyon Apt. 580,North Daniel,South Dakota,05136,111.146509,-45.409176
Tammy Wheeler,51,7745 Hall Lane,Lake Aaronmouth,North Carolina,89009,-142.551337,59.1140365
Alexander Mendez,75,1685 Desiree Falls Apt. 702,Joneschester,Hawaii,75192,-43.111298,-49.570954
William Ford,74,3457 Hall Green Apt. 833,New Russell,Indiana,29273,-17.096524,-28.9560565
Sean Ramirez,68,468 Carrie Locks Apt. 522,Jamesview,Louisiana,30022,-151.569757,3.829942
Pamela Watts,52,1646 Brian Station,Angelastad,Pennsylvania,25548,31.392355,73.6342375
Jaime Copeland,76,67097 Martinez Court,North Raymond,Arizona,00510,-165.198048,-10.347494
Michael Johnson,38,114 Jacob Coves,North Juliefurt,Iowa,20861,105.535785,53.657666
Bruce Ramos,77,10711 Brooke Coves,Douglasview,Arizona,32055,-126.123180,71.6252555
Shaun Rodriguez,41,71654 Garcia Estates,West Brianborough,Michigan,95264,-178.747606,62.9103175
Jessica Martinez,54,20691 Melvin Meadows Suite 864,Port Alicia,Montana,74380,-154.281477,-23.846562
Michael Morrison,23,73841 Michele Corner,Roblesville,Florida,54937,-120.622488,80.2289275
Nicole Roth,30,1651 Justin Point,Lake Shawnborough,New York,88101,-62.491855,-25.603770
Mr. Frank Rivera,25,67970 Jonathan Mountains Apt. 288,Simpsonside,South Dakota,83116,-95.776024,34.1932535
William Ramos,64,91555 Davis Falls Apt. 395,South Anthonyshire,South Carolina,30347,136.930438,25.6986645
Beth Grant MD,45,13805 Tina Run Apt. 575,Lisahaven,Vermont,26307,91.322866,19.960333
Eric Paul,41,7282 Laura Motorway,Lake Cindy,Indiana,17225,129.417440,-67.3174995
Jason Harper,52,25961 Schwartz Court,North Gabrielle,Maryland,89141,111.736441,19.612034
Peter Guzman,69,340 Daniel River Suite 654,Mackmouth,California,80853,-12.596253,12.305294
Nicole Martinez,76,512 Carl Forest Suite 787,New Amy,Tennessee,63588,59.242785,8.7655515
Marc Jennings,42,13051 Wall Ridges,West Sethfurt,Massachusetts,35472,82.887223,31.061939
Glen Martinez,61,21967 Gina Pine,Brettstad,New Jersey,64077,169.592457,-40.0949535
Jennifer Underwood,55,359 Whitehead Club,Padillaport,Pennsylvania,76211,-177.156893,-48.9125155
Cassandra Cook,24,396 Nunez Shore,Brownshire,Arizona,56672,39.474552,-62.152461
Elizabeth Khan,36,60816 Griffin Overpass,East Cindy,California,04632,-157.329726,68.8486895
William Ross,72,9616 Perry Fields,Lake Donald,Rhode Island,30970,-34.816674,-47.6764665
Anthony Conley,42,99355 Moran Hill,Paynefort,Delaware,93776,-122.916753,-83.637529
Perry Sawyer,32,60817 Bell Village,Andrewburgh,Pennsylvania,10034,63.177743,38.4768745
Alicia Anderson,25,04966 Hunter Lights,Lake Eddieshire,Minnesota,57839,120.619391,6.4335195
Amber Mejia,47,1092 Debbie Greens Suite 934,Kingburgh,Missouri,61762,7.092782,-85.265378
Brian Hogan,69,483 Richard Prairie,West Michael,Iowa,55087,-107.482156,82.540839
James Estrada,35,356 Amanda Forges Apt. 000,South Margaret,Maryland,70221,163.988761,-59.5271105
Christopher Romero,56,259 Joshua Groves,Kelleyberg,South Dakota,75999,-122.275587,-83.769165
Tracie Parker,62,3458 Abbott Squares Apt. 503,West Chadton,Florida,71024,142.783726,-22.0444875
Rachel Escobar,53,690 Lori Gateway Suite 107,Whitemouth,Illinois,73092,-46.594480,49.288351
Dr. Amanda Walter,55,08338 Nancy Mountain,Ramseyborough,Louisiana,18938,-102.529878,-61.251562
Justin Raymond,66,533 Tanner Ville,South Kimberlytown,Missouri,03923,-130.809694,-26.8962265
Andrew Higgins,46,797 Powell Motorway,Robertsfort,Idaho,03755,-177.108674,-89.918594
Michael Phillips,30,9694 Ethan Coves Apt. 455,Lake Vanessa,Ohio,17570,-174.819995,-36.714364
Debbie Jones,40,7261 Nathaniel Summit,Coxport,Nebraska,01033,164.093040,-30.8613815
Jason Henson,52,413 Christina Heights,Medinastad,Oregon,61856,-142.303487,-43.3863115
Melissa Nicholson,67,0389 Hannah Square,Jeremytown,Nebraska,20870,93.610172,30.0576855
Sierra Clark,71,948 Vargas Overpass Suite 949,North Christineberg,West Virginia,92495,-24.083914,-35.2069575
Terry Lin,19,6821 Robles Pines,West Jesse,Nevada,62304,85.595803,-61.346953
Christina Salazar,47,3362 Harrison Ridges,Collinsmouth,Mississippi,85678,-23.532063,-70.3285145
Theresa Robinson,58,879 Bruce Creek Suite 102,South Kimberly,Missouri,27573,104.213912,-53.8466475
Susan Campbell,29,54168 Jessica Motorway Apt. 294,Millerport,Arizona,55464,8.479149,-42.8582275
Beth Webb,33,17347 Robert Mission,Moniqueview,Mississippi,58502,35.549436,-55.3381665
Kevin Dixon,68,37736 Charles Shoal Suite 968,Port Lisabury,Mississippi,38044,118.877852,56.333512
Bailey Spencer,48,142 Garcia Mountains,North Matthewbury,New Jersey,93299,6.312543,77.6674805
Emily Bass,50,62389 Alicia Motorway,Timothyport,Illinois,54607,121.358992,26.575444
Roger Russell,26,12917 Diaz Trafficway Suite 143,East Donaldchester,Iowa,02347,125.978974,28.7612615
Lisa Gonzales,25,092 Ho Avenue Suite 029,Blackmouth,Minnesota,39971,-57.704773,-55.746286
Julie Bartlett,71,155 Amy Extension,Carrollport,Kansas,22280,-27.872701,-2.5700285
Louis Anderson,52,41111 Lori Orchard,Tabithahaven,Ohio,64020,-123.395705,-69.541609
Bethany Williams,42,00104 Martinez Groves,Kathleenmouth,Virginia,66334,71.415004,-77.3491105
Mr. Curtis Kramer,33,9569 Daniels Square,East Michellefurt,South Carolina,38049,137.438895,70.196015
Paul Moran,51,43212 Cummings Square,East Jeffrey,Wyoming,08126,-136.903384,6.8682615
Briana Sawyer,56,384 David Haven Apt. 959,Campbellbury,North Carolina,67356,51.485943,56.1739365
Lindsey Wright,56,8900 Smith Drive,Burnettburgh,Connecticut,16594,-111.291859,-41.205474
Natasha Jones,64,55511 Crystal Station Apt. 362,Ryanshire,Missouri,86425,-171.091761,-17.1026615
Christine Byrd,30,6354 Smith Route,West Anthonytown,New Hampshire,18186,136.257930,-89.9694515
Anne Hunter,68,55539 David Spring Apt. 068,West Racheltown,Texas,25270,-88.753977,23.736298
Heather Webb,44,54950 William Mission Apt. 896,Danielfort,Maine,56606,-69.028719,46.1675875
Jeanne Strickland,47,92162 Thompson Hill Suite 511,Danielshire,Virginia,51985,61.617394,58.247795
Shannon Burton,34,155 Jones Common,Brownfort,Missouri,29107,-41.424872,-64.601789
Jennifer Bernard,63,2154 Mcmahon Points Apt. 855,Smithshire,Alaska,74577,-143.737092,-74.166993
Robert Schmidt,40,616 Swanson Key Apt. 806,Baileyville,Texas,81256,149.055761,40.2335205
Ryan Turner,25,5291 Kelly Vista Suite 389,New Stevenview,Arkansas,98510,173.321459,-82.424406
Jo Lee,69,7836 Dana Skyway Suite 289,Lake Garrett,New Hampshire,59846,152.094875,-56.582224
Colleen Williams,47,7541 Deborah Falls,North Bradleyburgh,Virginia,59459,105.219990,2.023576
Claudia Torres,25,14587 Rivera Ports Suite 260,West Alejandromouth,Georgia,83033,-162.396304,-35.735237
Suzanne Rodriguez,55,1366 Flores Roads Apt. 921,New Shelleymouth,North Carolina,32960,49.030673,-86.607475
Donna Jackson,68,954 Delgado Fields,Erinhaven,South Carolina,67719,69.924879,80.056158
Lisa Frank,65,2273 Byrd Well Suite 760,Port Joshua,Wisconsin,17477,-110.556062,-69.0332155
Matthew Mosley,78,2060 Keith Locks Apt. 817,Thomashaven,Louisiana,69152,-92.353227,-25.7806085
Ana Goodwin,65,7695 Crane Walk Suite 588,North Vickieberg,Rhode Island,47793,-56.149910,-86.971594
Randy Williams,39,25166 Freeman Curve,Jackport,Iowa,85283,-86.642415,75.1070055
Keith Fox,71,87713 Jennifer Road,Dawnchester,Vermont,39261,173.111101,25.6890895
Nicole Sloan,63,6122 Alejandro Lodge Apt. 176,East Jasonview,New Mexico,83982,102.771983,-11.876475
Adriana Mathis,23,095 Teresa Turnpike Suite 831,Wilsonton,Kansas,12338,-95.497648,-79.5828735
Jack Price,41,93504 Cabrera Run Suite 123,Lake Elizabethshire,Illinois,73692,-90.113600,-25.449699
Elizabeth Kelley,32,79023 Campbell Stream,Katherineborough,Oklahoma,82521,91.554370,-38.274131
Nathan Ramos,52,91749 Walsh Greens Apt. 877,Mariafort,Massachusetts,45891,-8.778468,-52.7888505
Angie Stanton,42,1327 Devin Overpass,Port Kaitlyn,Florida,54089,-85.109699,76.627457
Elizabeth Harrington,22,8644 Amber Ways,West Todd,Utah,83364,-82.114688,82.1678035
Benjamin Moran,53,35498 Juarez Greens,East Jennifershire,South Dakota,83036,154.191472,61.259104
Christopher Blair,65,653 Felicia Valleys,Cameronview,Michigan,20382,-1.307418,-38.379393
John Osborne,40,50601 Weaver Valleys Apt. 832,Elliottport,Arizona,44136,138.908934,6.6492235
Jeffrey Perez,44,52137 Denise Flats Suite 908,Lake Courtney,Kansas,18868,101.050178,-43.0984275
Zoe Sullivan,23,29238 Bobby Station,East Pamelashire,Kentucky,57616,-36.963567,-13.5003445
Nicole Sims,18,1949 Meyer Spurs,East Brianna,Montana,79234,70.072876,4.910915
Jerry Vargas,63,686 Gill Crescent,Hoodtown,Tennessee,89842,107.415895,0.5953745
Derrick Miles,43,168 Wheeler Mill Apt. 516,New Kenneth,South Carolina,00698,-178.083180,-60.756458
Michael Burns,42,4732 Rachel Plaza,East Brandonhaven,Delaware,39592,13.615647,40.763314
Melanie Ferguson,80,481 Madden Estates Suite 337,Lake Ericstad,Kentucky,23623,169.412761,29.9740835
Ivan Conrad,32,766 Jennifer Extensions Suite 911,South Williammouth,Nevada,84749,-112.719739,-73.101880
Allen Hernandez,51,950 Catherine Oval Suite 359,Amandafurt,Rhode Island,34867,155.739152,-23.5380515
Kristin Jordan,31,467 Colin Common,Port Melissaberg,Michigan,50670,-35.056691,-17.7756275
Jeffrey Best,24,664 Sara Point Suite 602,Wallerside,Wisconsin,81328,-108.152784,-4.972748
Heather Yoder,39,01536 Tammy Dale,South Allenmouth,Maine,73786,-3.723181,15.1965875
Amy Sanchez,32,708 Martinez Shoal,Port Julia,Kentucky,98146,132.151475,-86.0149275
Lauren Cruz,28,60789 Miller Pines Apt. 952,Davismouth,Idaho,92361,169.217504,20.572861
Victoria Moran,53,93074 Erik Stravenue Suite 969,Hernandezberg,Kentucky,85328,-100.590695,3.518282
Scott Hicks,40,54531 Keith Estate Apt. 883,Davidbury,New Hampshire,28233,3.854898,83.0608765
Kimberly Fox,66,882 Jones Pines,North Samanthachester,Pennsylvania,09114,-116.308739,57.4320755
Brian Manning,65,14190 Terry Walk Suite 627,Lake Elijahberg,Arkansas,50728,-18.010412,18.6529835
Cheryl Chung,66,4311 Johnny Flats,Andreaside,Arkansas,60535,115.516197,75.132839
Angela Warner,47,75439 Jennifer Streets,Port Juanland,Illinois,55173,-20.024736,0.5145325
Charles Kennedy,56,8900 Ingram Springs,Lake Valerieview,Wyoming,24299,-132.788781,-34.5020495
Sharon Zuniga,65,1539 Reed Vista,Lake Jacqueline,Wyoming,99138,-30.408626,49.664912
Nancy Martin,55,2135 Ruiz Row,Villanuevaport,New Hampshire,16447,-29.399534,28.8243315
John Harris,80,95424 Hayes Oval,North Rebecca,Montana,63686,178.207469,-53.8125435
Jennifer Kirby,59,36841 Parker Road Apt. 005,East Debra,Vermont,35607,22.221579,76.843189
Joshua Hayes,22,838 Roberts Key Suite 489,Gilbertberg,Ohio,19418,29.287692,46.1674205
Hector Bradley,30,771 Jonathan Islands Suite 055,Patrickmouth,Arizona,49269,169.939984,24.681859
Jennifer Christian,47,8139 Schultz Corner Apt. 164,Port Chelsea,Wyoming,72831,8.629436,34.683358
Paul Odom,47,9101 Moss Ways Apt. 108,Patrickview,North Carolina,53413,4.409311,-18.7249515
Heather Murphy,30,13339 James Viaduct,North Allenstad,Delaware,51763,123.937810,54.216224
Crystal Harper,76,3698 Micheal Land Suite 575,West Michelleburgh,Delaware,15437,44.340415,-78.801697
Raymond Nolan,71,58962 Ortega Ridge,Sandovalton,California,77205,-69.409637,34.5706415
Susan Newman,75,713 Davis Mountains,Johnstad,Kansas,20179,47.213310,-86.3184625
Brian Daniel,42,95773 White Centers Suite 064,Port Marissafort,California,23868,165.091060,88.8379975
Cheryl Stevens,56,38468 Cynthia Cove Suite 627,East Patricia,Florida,48063,152.540753,-14.8983145
Susan Glover,38,96609 Robert Hollow Apt. 314,Patrickchester,West Virginia,07904,7.166320,-43.7273815
Kyle Garcia,43,656 Ronald Oval,Alexandraview,West Virginia,71377,179.272878,37.6103765
Melissa Hale,45,6659 Phillips Union,Lake Anthonytown,North Dakota,17731,18.566960,54.5970195
Shawn Walter,49,031 Sara Plain Apt. 536,Lake Melissaburgh,Georgia,91400,-175.595663,-53.017125
Rachel Mcpherson PhD,21,183 Summers Street,Lake Tammyfort,Hawaii,57267,-142.515028,10.1094655
Kevin Mccarthy,63,61979 Reeves Ports,South Alan,Arkansas,75974,-46.456708,-54.4169735
Adam Knight,48,48407 Robert Ridge Apt. 764,South Deborah,North Carolina,96936,67.611168,11.009880
Jonathan Ward,42,0811 Meyers Isle Suite 027,Cruzshire,Tennessee,97308,127.096398,-60.3236125
Anthony Blake,18,232 Edward Walks,Howardmouth,Maine,13267,176.795423,62.0627945
Lauren Fitzgerald,31,193 Kurt Overpass,Francisport,Maine,53811,72.085934,27.9380655
Victor Johnson,54,6802 Sanchez Meadows Suite 720,Aguilarberg,California,69713,-68.126568,28.3613985
Vincent Peterson,70,6477 Taylor Valley Suite 888,South Brandi,Alabama,76629,130.680600,6.901178
Thomas Williams,76,7817 Daniel Way Apt. 433,Heatherside,Oklahoma,02458,-23.360074,14.631647
Michael Wilson,64,511 Gardner Flats,Victoriaborough,Oregon,79438,115.684128,-45.2181545
Jennifer Mclean,69,37081 Rebecca Shores,South Michaelshire,Wisconsin,46065,99.913616,-62.920140
Amanda Clark,37,72181 Robert Drive Suite 147,New Lori,North Dakota,87383,10.268669,20.5317935
Amanda White,26,8782 Clarke Fords Suite 724,West Codyport,Arizona,83232,-111.567561,58.3075645
Nicole Ingram,39,73979 Wheeler Route Apt. 137,Port Tara,Texas,74293,-127.863950,72.9940515
Maria Aguilar,62,6449 Carter Road,Danieltown,Oregon,32146,8.327689,-87.049255
Charles Neal,28,12123 Todd Cape Suite 240,Samuelport,South Dakota,66039,-178.740475,84.494605
Kimberly Maddox,57,814 Ryan Mission Suite 630,Annaberg,Wisconsin,82089,-164.791095,-81.0122135
Dillon Anderson,26,460 Powers Rue Apt. 325,Port Kevinstad,Hawaii,45188,-137.645757,64.6544465
Paul Sanders,29,64016 Jeanne Isle Apt. 068,Joneschester,New Jersey,77091,-4.349772,-70.232016
Lindsay Bird,72,9354 Levy Spurs Suite 679,West William,Arkansas,81315,-143.069931,6.0452905
Paula Wilson,26,58338 Lisa Rapid Apt. 595,Kaitlynshire,Ohio,24783,1.303072,-38.9452905
Cindy Rowe,49,23736 Strong Ridge Suite 026,Patelland,New Mexico,66563,-128.555442,-16.4251435
Stephanie Stone,22,5403 Carter Green Apt. 167,West Angela,Montana,70488,80.851105,-8.659657
Jill Rowland,56,4662 Laura Brook,Weissstad,Rhode Island,71356,133.764063,-79.2867455
Frank Pierce,58,987 Kathy Cape,South Shelly,Hawaii,25701,-170.154328,4.6961145
Matthew Adkins,67,091 Destiny Streets Suite 406,Suarezfurt,New York,16936,-172.906157,-65.4984455
Brandon Patton,77,706 Davila Oval Suite 736,Cruzchester,Florida,68913,156.920875,-76.2219705
Kelli Henderson,30,448 Hayden Pass Suite 104,Pricehaven,Utah,54840,-178.456932,88.326714
Timothy Anderson,76,2219 Ward Squares,Smithfurt,Vermont,92918,11.247657,58.2817925
Megan James,50,81013 Adam Light Suite 268,East William,Maryland,01320,-89.761168,-80.0336605
Desiree Hansen,47,80244 Maria Stravenue,North Christinechester,Montana,50359,-178.036109,46.7763375
Ashley Haynes,59,324 Bradshaw Spurs Apt. 571,Lake Stefanie,Alabama,33889,75.927310,-0.6988525
Alan Garcia,34,05315 Garrett Glen Suite 281,Kathrynshire,Massachusetts,57464,55.669837,-34.936922
Laurie Underwood,26,27531 Mclaughlin Centers Apt. 915,Rogerstad,Rhode Island,64371,-0.547268,-12.825287
Alicia Young,20,10810 Nathaniel Meadow,North Katrina,Kentucky,96180,105.915427,-64.5090915
Jessica Valencia PhD,58,026 Erika Mission,Robertsfurt,New Mexico,27054,112.970413,-87.7583535
Teresa Martin,61,51439 Michelle Islands,South Michaelfurt,Montana,33351,-92.618025,54.182257
Paul Medina,78,291 Miller Valleys,Woodsberg,California,25026,151.783838,71.457601
Cynthia Tanner,44,703 Gill Inlet,Millerland,Wisconsin,92170,-43.330182,-10.7779785
Brooke Sanders,26,70968 Lambert Keys,New Kathleenborough,California,25868,20.360324,60.0696365
Nicholas Johnson,44,16355 Sarah Forks Apt. 281,Ralphville,Michigan,01672,-27.754324,57.921225
Jaime Adams,57,811 Martinez Springs,Monicastad,Arkansas,56458,5.913341,-24.1521245
Jonathan Phillips,32,8325 Bruce Station Suite 142,Mirandabury,New Hampshire,24777,171.489732,-14.966140
Tara Navarro,61,8817 Sarah Plaza Apt. 780,East Christophermouth,Tennessee,22808,65.494676,-54.130763
Gary Gay,74,8500 Tammy Prairie Apt. 798,Port Brian,Montana,36552,82.897975,-50.1172835
Crystal Bell,21,41134 Lane Curve Suite 190,West Cindy,Kentucky,98038,-77.401275,60.510367
Debra Ware,25,28811 Bill Square,Lake Joseph,Missouri,85947,39.144347,-81.8536335
Maria Anderson,30,282 Smith Crescent Suite 422,New Jessica,Tennessee,93976,145.818510,15.3766205
James Ryan Jr.,18,61273 Melanie Shore Suite 452,North Anthony,Mississippi,98071,-179.088959,-11.5090755
Dean Webster,74,9446 Snyder Stream,East Cody,West Virginia,80124,-118.821937,-87.988441
Kristin Davis,54,6418 Tracie Keys Apt. 858,East Ashley,Oregon,17213,28.672514,-85.6278945
Jordan Lamb,44,91884 Gonzalez Island,Kathleenside,Utah,18002,-123.503999,-51.3179065
Bradley Brady,72,63709 Daniel Avenue Suite 337,South Jasonborough,New Jersey,52823,157.729253,21.616253
Lucas Decker,21,413 Huber Port Apt. 007,South David,Kentucky,09016,-15.337971,-56.8618175
Andrew Marquez,73,8507 Mccall Square,Moralesport,New Hampshire,12536,-43.905963,62.4907405
Diana Graham,41,380 Thomas Drive Suite 484,South Dennis,Iowa,79233,72.864024,88.058055
Victoria Henderson,20,186 Sanders Shoal Apt. 850,Hintonmouth,Oklahoma,10889,81.263307,28.381733
Robin Smith,62,735 Oscar Shoal,Chelseaport,Idaho,18848,-54.241178,-44.1839825
Jessica Walker,33,226 James Parkway Apt. 041,Andreberg,New Mexico,73006,-101.555727,86.2293955
Richard Smith,55,640 Garcia Lodge Suite 519,Port Melissahaven,Washington,24681,-82.525349,59.6748245
James Fletcher,32,6892 Christopher Cliffs,Port Kristabury,Wyoming,10660,145.208371,-81.8009955
Stephanie Garrison,71,32974 Anthony Stravenue Apt. 795,Christianview,South Dakota,94297,90.392343,84.154255
Crystal Garcia,48,38118 Sylvia Creek Suite 063,West Christina,Alaska,94284,-43.941795,-41.1905885
Christopher Jefferson,43,88389 Lopez Wells Apt. 072,North Michealton,North Dakota,81235,-139.285232,84.031483
Jennifer Holloway,55,815 Gilbert Shore Suite 308,Robinmouth,South Carolina,50800,176.393539,58.3296905
Kyle Peters,54,6388 Dawn View Suite 567,Johnstad,Rhode Island,82420,166.698958,-81.4486455
Timothy Perez,45,583 Alexa Ridges,Kellyshire,Delaware,20713,-144.644422,61.703057
Elizabeth Schneider,66,2516 Hughes Corners Suite 564,South Justinmouth,Washington,94456,169.769694,-64.997866
Amy Mcdonald,19,03372 Elliott Orchard Suite 840,Williamchester,Hawaii,00752,57.386459,-83.995030
Lisa Bruce,77,58995 Keith Freeway Suite 850,North Stephenburgh,Ohio,23667,-92.385729,17.778752
Robert Reeves,56,13113 Gill Rapid Apt. 909,Amberbury,Oklahoma,21965,18.061436,-6.4620735
David Morris,20,03686 Holland Mission,Jessicashire,Georgia,18508,77.164290,57.449599
Kayla Jones,23,76792 Sims Park Apt. 971,North Michael,Minnesota,79633,-114.248186,24.726374
Judith Clark,76,601 Hansen Glens Suite 303,New Ricardo,Maryland,82800,117.123776,-80.3566525
Sarah Miller,20,8676 Herrera Bridge,Nathanielberg,West Virginia,61396,86.449905,-76.309783
Linda Mccoy,43,171 Lori Grove,South Ashleyberg,Kansas,88007,-81.686234,84.451098
Keith Castro,21,24024 Angela Port Apt. 823,New Jason,New York,26117,101.075888,0.0572105
Charles Wallace,20,938 Johnson Common,Emmafort,Virginia,89335,-46.179712,-86.0451455
Robert Anderson,68,076 Melissa Roads Apt. 382,South Jessica,Oregon,94341,17.146100,60.5285385
Cassidy Santos,32,97820 Thomas Mills Apt. 030,North Jeffreyfort,Oklahoma,81695,54.567036,65.1262505
Erika Young,27,6905 Copeland Rapids,Port Lindsey,New Mexico,34080,-50.689136,44.2088685
Michael Collins,49,6432 Melissa Manor,Port Jessicafurt,Maine,73635,162.622904,81.9530275
Anna Parks,20,84238 Ruiz Crest Suite 784,Taylorfort,Colorado,25583,106.000539,-12.4715845
Edward Peters,37,281 Jason Walk Suite 623,Port Stacie,Massachusetts,62432,51.974103,-35.0325415
Mrs. Grace Jordan MD,69,640 Lewis Pine Suite 053,Colefort,Georgia,67507,105.269245,1.065690
Ashley Tucker,71,2268 Larry Tunnel,North Brianborough,Missouri,89952,170.647848,-10.628245
Monica Holland,58,488 Davis Views Apt. 180,North Shari,Texas,48862,-87.120617,54.885764
David Morris,41,29531 Amber Lane Suite 557,Garciaburgh,Texas,84538,-126.270585,-2.715320
Zachary Mckay,75,56040 Sherman Spring Apt. 666,Johnsonfurt,New Jersey,07092,155.441430,-46.663151
Alexander Davidson,61,47773 Jones Parkway Apt. 621,West Ronaldmouth,Rhode Island,23565,-28.574549,-45.5671015
Christopher Odom,65,66445 Natasha Turnpike Suite 271,West Reneehaven,Connecticut,23574,-73.163643,79.7212255
Michelle Cox,68,2329 Alvarado Forge Suite 359,Thomasfort,Mississippi,97902,59.260536,77.647731
Lindsay Hudson,30,1371 Brandon Flat,North Hannah,Texas,82784,-160.152105,-73.162900
David Gross,21,950 Waters Court,North Samantha,Connecticut,40857,69.434118,71.4506385
Nicole Watson,67,748 Christian Station,Richardtown,Wyoming,68410,-179.338983,-14.7666575
Margaret Martinez,54,341 Carroll Street Suite 586,Brownstad,Alaska,26206,104.001813,-37.6899815
Stephanie Parker,31,58584 Santos Neck Suite 144,Hubbardfort,North Carolina,62839,115.588219,-11.8347405
Kelly Ramos,28,0062 David Highway,East Bobby,Idaho,24818,50.876736,-62.5384545
Sandra Pena,49,805 Fitzgerald Spurs Suite 632,East Lee,New York,01030,-95.496108,-22.1146315
Jessica Daniel,33,006 Murray Lock Apt. 209,Larsenton,Alaska,52950,-152.709576,71.9994995
Valerie Roman,79,72248 Yvette Radial,Fergusonhaven,Nevada,29694,121.057090,4.3783755
Curtis Johnson,41,1761 Duran Track,Port Emily,South Carolina,92361,136.863724,10.657641
Trevor Kelley,27,05231 Summers Vista,Dylanshire,Nevada,01753,-143.627720,55.5106515
Ian Palmer,65,9414 Flores Plains Suite 639,Hickston,Kansas,87489,159.779258,38.0568265
Christine Kim DVM,62,23714 Miranda Expressway,Port Deborahview,West Virginia,85008,-32.969287,65.576036
Traci Berry,22,2623 Swanson Path,Port Crystal,Nebraska,48662,-120.334441,-70.344408
Keith Blake,67,28091 Keller Turnpike,West Charles,New Jersey,61296,26.741042,10.489177
Timothy Willis Jr.,37,955 Davis Ridges Apt. 676,Dianechester,Louisiana,66370,-116.252434,-76.1547895
Donna Carpenter,19,0979 Mason Parks,Lake Linda,Hawaii,36333,-122.384047,20.7886895
Lisa Hernandez,24,91002 Kimberly Walk Suite 456,West Tyler,Georgia,13044,-41.489459,-85.4741045
Craig Ryan,47,73261 Gary Extension Apt. 789,Lake Katie,Massachusetts,30061,-30.863633,-64.940601
Carrie Sheppard,20,3802 Teresa Village,East Staceychester,Idaho,62134,-156.587090,25.423132
Martha Yates,74,451 Steven Locks,East Melissastad,Indiana,85354,-17.713284,-66.802039
Tiffany Smith,38,5729 Coleman View,Tranview,Virginia,45499,133.681137,10.604144
Darin Carter,66,40427 Mccann Stravenue Apt. 797,New Jennifer,Idaho,56422,-164.462974,34.7865315
Sean Sanders,28,45392 Carr Lock,Mariotown,Indiana,92178,-45.334323,52.0829935
Lindsay Morse,71,85670 Helen Plaza Suite 143,New John,Kentucky,17497,28.130901,-48.726315
Stephanie Gould,67,289 Sharon Ports,South Belinda,Maryland,69637,-6.568652,-73.150781
Michael Mitchell,80,2905 Silva Tunnel Suite 316,Robertsborough,South Dakota,50036,-161.764001,59.1188125
Joseph Allen,24,09405 Gutierrez Greens,Mullinsview,Kentucky,56251,-135.607286,-80.673271
Denise Browning,24,0456 Richardson Garden,Foleytown,Kentucky,07169,-165.419604,83.3221245
Timothy Hansen,34,375 Andrea Circles Suite 779,Hernandezburgh,Vermont,92853,26.905053,-38.7056325
Jerry Costa,29,76885 Tiffany Shores Apt. 149,Jessicaville,Tennessee,35807,-135.069431,-73.450416
Steven Sparks,78,96348 Albert Mission Suite 814,South Jeffery,Montana,96528,-38.585133,-52.5746265
Sheila Jones,71,49483 Stewart Meadows,North Gabrielle,Minnesota,53126,-139.957533,79.515005
Michael Harvey,62,70117 Hunt Canyon Suite 674,Whitemouth,Minnesota,92263,-4.190212,-18.409490
Alicia Rivera,19,720 Jordan Shoals Apt. 536,East Danahaven,Rhode Island,52761,35.627698,42.486628
Mrs. Heather Carter,39,72053 Wolfe Flat,Lesliehaven,Rhode Island,73045,-138.747111,-42.8191765
Keith Page,21,4735 Melissa Lake Suite 465,South Nathanmouth,Alaska,19308,167.570413,10.059806
Jared Webb,50,940 Crystal Glen Apt. 665,Stewartmouth,Washington,35337,-88.914337,84.996135
Selena Smith,40,1613 Deleon Mountains,Chelseamouth,Iowa,58307,-68.798317,-51.9887215
Logan Rodriguez,61,931 Carol Stravenue Suite 861,East Anthony,Alabama,43740,5.600099,-46.0266805
Mary Brown,67,4558 Williamson Stravenue,North Katieburgh,Louisiana,19178,-149.676366,-11.655531
Robert Mendez,66,9316 Gonzalez Loop,Kellyview,Kentucky,44554,-3.252804,84.400278
Christina Sanchez,51,6673 Michael Lane,North David,Alaska,91499,-50.513232,-63.1420655
Gerald Fisher,68,8920 Angela Radial,Williamsshire,Ohio,35943,-57.912104,64.130364
Amy Becker,39,6851 Patricia Gardens Suite 877,Haneyburgh,South Carolina,68299,3.545169,33.992846
Sarah Miller,80,3407 Zoe Oval Apt. 756,New Lisaton,Ohio,40081,51.235864,-37.5892475
Susan Mcknight DDS,37,633 Daniel Court,South Gail,Rhode Island,59059,86.753590,-53.1737845
Ryan Morrison,29,8755 Davila Ramp,New Brian,Nevada,74890,-58.357963,-25.245481
John Perez,19,552 James Causeway,New Kathleenberg,Alaska,11267,-2.957275,-80.925972
Nicole Gonzalez,53,7238 Thomas Light Apt. 101,North Mitchell,Delaware,29843,179.371621,-81.7795675
Robin Price,75,045 Smith Ports Apt. 099,Port Lori,Maryland,10092,-60.500003,-16.760959
William Levine,25,80053 Angel Squares,Maryside,Alaska,78419,-115.640364,-86.982682
Rachel Johnson,41,8277 John Walks Apt. 687,North Ericahaven,Pennsylvania,44644,21.284988,26.1940475
Lauren Parker,41,0864 White Valley,Williamstad,Arkansas,90173,-44.309816,-36.3687045
Joanna Davis,21,65800 Danielle Summit Suite 386,West Scottchester,Wyoming,22612,-110.268575,-2.685456
Alexandria Harris,23,6855 Adam Locks,Murphyshire,Ohio,18324,-0.168022,-84.4714355
Joanna Pennington,63,93692 Stacy Crest Suite 763,Paulmouth,West Virginia,07274,-132.070794,-74.3549485
Christopher Rogers,69,337 Torres Lakes,Ryanport,Maine,53919,-145.909682,-11.4627455
Ellen Donovan,48,2909 Patricia Passage Suite 367,New Cynthia,Missouri,09676,-81.627457,3.7537965
Pamela Sanchez,77,14039 Debra Club,South Evanshire,Nevada,92353,102.913667,45.4048585
Jared Evans,23,952 Lisa Grove Suite 114,New Jeffrey,Michigan,26180,-175.492319,-52.5150195
Jacob Morrow,61,8342 Brooks Garden,Port Jenniferview,New Hampshire,66574,150.531833,-85.082229
Rebecca Harrison,35,93463 Kyle Light,East Regina,North Carolina,85534,166.491998,-6.0630775
Chad Buchanan,74,81071 Brennan Burg,Carlaville,Indiana,74711,111.509660,-81.7608195
Margaret Williams,19,188 Alvarado Underpass,Andersonmouth,North Dakota,16252,59.104154,40.445334
Krista Coleman,78,9771 Avery Overpass Suite 099,South Anthony,Michigan,11493,123.430842,26.8818565
Victoria Salazar,80,117 Brenda Well Apt. 464,Port Natalie,Arizona,96595,-135.943345,4.848031
Sabrina Anderson,55,37173 Delgado Path,Davidsonborough,North Dakota,70058,49.212025,46.342078
Ricardo Martinez,40,980 Juan Forks Suite 646,East Erinfurt,Illinois,09186,55.003928,77.334600
Kimberly Kane,46,633 Albert Crossing Suite 265,Masonhaven,Vermont,74627,88.820719,5.205574
Joseph Wilson,65,106 Melanie Springs,West Amy,Hawaii,50712,12.208009,-64.461417
Angela Davis,50,2796 Aguilar Harbor,Jessicamouth,North Carolina,01799,19.221584,-81.359703
Victoria Davis,63,4561 Scott Stravenue,New Shawnfort,New York,65835,66.700204,44.554574
Monique Maxwell,31,8830 Barbara Estate,South Jasmine,Michigan,82915,-81.706548,60.9793075
Nicholas Harmon,72,7665 Amy Pike Apt. 172,Grahamburgh,Pennsylvania,18409,138.426393,70.4802245
Heidi Clark,49,737 Brittany Mills Apt. 324,New Carla,Washington,34083,86.401745,1.9465355
Stephanie James,80,73928 Joseph Walk Apt. 138,South Bradleytown,Colorado,75287,99.016291,11.050184
Hunter Ramos III,41,6389 Smith Port Suite 465,Allenshire,Rhode Island,73581,-141.580050,-0.460314
Michael Bryant,78,133 Joyce Bridge,Lake Jennifer,Indiana,95388,-131.143339,85.146889
Jessica Andrews,52,944 Scott Prairie,Robertsonfurt,Maine,89028,-131.869605,-62.6951375
Keith Jacobs,21,453 Lopez Plains,West Shaneview,Vermont,27480,6.525871,-70.674376
Joseph Figueroa,32,8394 Carmen Mountains Suite 449,Stephaniestad,Illinois,13977,73.732653,-61.361600
Brenda Holt,67,2611 Mackenzie Unions,Kristenmouth,New York,94406,61.255871,8.6526055
Reginald Gonzalez,64,415 Aaron Mills Suite 487,Port Joshuaview,West Virginia,07244,-123.729601,71.570373
Jeffery Hicks,45,08640 Davis Squares Suite 712,North Garystad,Alabama,93190,38.243590,-71.647484
Rodney Conway,64,13936 Sean Vista,South Jasonburgh,Arizona,12294,136.747539,-9.965182
Shannon Barber,54,5341 Brandy Forges,Daleberg,Iowa,05590,24.948598,-33.2221205
Kari Johnson,58,61907 Lindsay Roads Apt. 839,North Jacobville,Mississippi,10445,-78.621689,-0.645744
Jason Phillips,68,05256 Whitney Plaza,Micheleshire,Colorado,59104,-96.778581,-54.0093105
Matthew Gregory,76,836 Watts Valley,West Alison,Oregon,86746,-154.540186,-0.6002045
Devin Krueger,48,15389 Bennett Street,Lake Ebony,Florida,86530,-6.185575,37.074520
Andre Underwood,37,1684 Andrea Course,Lambton,Massachusetts,91299,-35.967440,24.4230965
